{"stats":{"minecraft:mined":{"minecraft:dark_oak_planks":2,"minecraft:white_bed":28,"thermal:cinnabar_ore":5,"botania:red_mystical_flower":1,"thermal:tin_ore":35,"minecraft:obsidian":48,"minecraft:granite":225,"minecraft:acacia_log":2,"minecraft:jungle_log":37,"minecraft:light_gray_bed":5,"minecraft:hopper":1,"minecraft:oxeye_daisy":4,"minecraft:oak_wall_sign":2,"ironchest:copper_chest":2,"ironchest:crystal_chest":19,"minecraft:tall_seagrass":2,"minecraft:magma_block":1,"minecraft:cobbled_deepslate":8,"minecraft:fire":13,"ironchest:gold_chest":4,"biomesoplenty:lavender":1,"bigreactors:yellorite_ore":97,"compressium:stone_1":2,"minecraft:deepslate_lapis_ore":20,"minecraft:enchanting_table":1,"minecraft:dirt_path":6,"minecraft:small_amethyst_bud":1,"mekanism:pigment_extractor":1,"create:veridium":33,"create:limestone":542,"mekanism:osmium_ore":44,"minecraft:kelp_plant":5,"minecraft:crimson_nylium":1,"minecraft:amethyst_cluster":7,"mekanism:block_salt":40,"minecraft:torch":47,"mekanismgenerators:bio_generator":2,"minecraft:melon":3,"create:scoria":35,"mekanism:tin_ore":136,"farmersdelight:cabbages":12,"thermal:deepslate_lead_ore":15,"minecraft:sugar_cane":109,"minecraft:amethyst_block":7,"minecraft:skeleton_skull":2,"minecraft:wheat":496,"minecraft:black_bed":7,"ae2:flawed_budding_quartz":2,"minecraft:grass":702,"thermal:niter_ore":9,"mekanism:lead_ore":25,"refinedstorage:external_storage":7,"minecraft:smooth_basalt":1,"minecraft:deepslate":2769,"create:zinc_ore":101,"biomesoplenty:watergrass":2,"iceandfire:silver_ore":28,"farmersdelight:wild_carrots":6,"mekanismgenerators:solar_generator":1,"minecraft:dark_oak_log":7,"minecraft:crimson_roots":3,"thermal:deepslate_nickel_ore":3,"minecraft:white_concrete_powder":9,"biomesoplenty:jacaranda_log":6,"minecraft:redstone_ore":11,"minecraft:andesite":417,"biomesoplenty:rainbow_birch_leaves":13,"minecraft:cobblestone_slab":22,"minecraft:vine":24,"minecraft:rail":54,"ironchest:iron_chest":3,"minecraft:bamboo":1,"ae2:sky_stone_block":22,"minecraft:white_wool":3,"mekanism:crusher":4,"minecraft:glass_pane":2,"botania:lime_mushroom":1,"minecraft:dandelion":22,"minecraft:cornflower":3,"biomesoplenty:fir_planks":4,"rftoolsbase:dimensionalshard_nether":1,"minecraft:copper_ore":100,"minecraft:tall_grass":105,"minecraft:deepslate_gold_ore":68,"minecraft:diorite":293,"mekanism:uranium_ore":1,"thermal:silver_ore":6,"minecraft:gravel":701,"mekanism:deepslate_fluorite_ore":19,"minecraft:cobweb":162,"mekanism:deepslate_uranium_ore":90,"minecraft:gold_ore":9,"thermal:deepslate_sulfur_ore":1,"minecraft:fern":123,"thermal:deepslate_tin_ore":5,"minecraft:large_amethyst_bud":3,"create:deepslate_zinc_ore":40,"iceandfire:graveyard_soil":1,"minecraft:oak_sapling":11,"minecraft:cobbled_deepslate_stairs":87,"thermal:sulfur_ore":14,"minecraft:budding_amethyst":2,"minecraft:grass_block":2929,"minecraft:white_concrete":31,"minecraft:polished_blackstone_brick_slab":1,"beyond_earth:earth_globe":1,"minecraft:gilded_blackstone":20,"minecraft:raw_iron_block":2,"biomesoplenty:orange_cosmos":5,"farmersdelight:wild_rice":1,"minecraft:iron_ore":234,"mekanism:digital_miner":5,"minecraft:azure_bluet":8,"silentgear:deepslate_bort_ore":7,"bigreactors:benitoite_ore":2,"minecraft:pointed_dripstone":2,"minecraft:deepslate_redstone_ore":39,"minecraft:medium_amethyst_bud":2,"thermal:lead_ore":22,"minecraft:clay":257,"minecraft:calcite":188,"minecraft:poppy":3,"minecraft:chest":62,"minecraft:nether_quartz_ore":36,"mekanism:precision_sawmill":2,"minecraft:cobblestone":320,"minecraft:oak_planks":15,"minecraft:wall_torch":118,"ironchest:dirt_chest":1,"biomesoplenty:goldenrod":1,"minecraft:seagrass":6,"mekanismgenerators:advanced_solar_generator":7,"minecraft:nether_wart_block":2,"minecraft:birch_log":101,"farmersdelight:cutting_board":3,"minecraft:stripped_oak_wood":1,"ironchest:diamond_chest":4,"biomesoplenty:fir_log":62,"ironchest:obsidian_chest":5,"mekanism:deepslate_tin_ore":7,"minecraft:oak_log":469,"absentbydesign:slab_glass":1,"minecraft:sand":832,"minecraft:dirt":2737,"thermal:nickel_ore":9,"minecraft:netherrack":187,"create:crimsite":2,"minecraft:oak_leaves":56,"ae2:chipped_budding_quartz":1,"minecraft:nether_gold_ore":2,"minecraft:tuff":240,"minecraft:deepslate_diamond_ore":53,"mekanism:deepslate_osmium_ore":4,"create:ochrum":8,"minecraft:large_fern":3,"minecraft:hay_block":38,"minecraft:furnace":22,"minecraft:carrots":4,"biomesoplenty:toadstool":1,"mekanism:painting_machine":3,"minecraft:gold_block":2,"minecraft:bookshelf":27,"minecraft:deepslate_iron_ore":71,"minecraft:shroomlight":1,"minecraft:lantern":2,"minecraft:stripped_oak_log":5,"mekanism:logistical_sorter":1,"minecraft:stone":3304,"mekanism:deepslate_lead_ore":11,"biomesoplenty:orange_sand":137,"minecraft:oak_fence":25,"minecraft:crafting_table":9,"minecraft:rose_bush":1,"minecraft:lectern":1,"minecraft:deepslate_coal_ore":2,"minecraft:lapis_ore":24,"biomesoplenty:magic_fence":6,"botania:red_double_flower":1,"biomesoplenty:mahogany_log":957,"chunkloaders:basic_chunk_loader":3,"thermal:deepslate_silver_ore":11,"minecraft:yellow_bed":1,"minecraft:coal_ore":288,"thermal:deepslate_niter_ore":1},"minecraft:broken":{"minecraft:iron_boots":2,"minecraft:iron_leggings":1,"minecraft:iron_sword":1,"minecraft:iron_pickaxe":10,"minecraft:iron_helmet":1,"minecraft:stone_pickaxe":3,"easy_emerald:iron_hammer":1},"minecraft:killed_by":{"minecraft:zombie":1,"minecraft:spider":1},"minecraft:picked_up":{"biomesoplenty:rainbow_birch_leaves":13,"mekanism:raw_uranium":103,"bigreactors:graphite_ingot":301,"minecraft:enchanted_book":7,"minecraft:amethyst_block":26,"biomesoplenty:rainbow_birch_sapling":5,"farmersdelight:cutting_board":3,"iceandfire:manuscript":33,"minecraft:string":295,"thermal:tin_ingot":48,"create:limestone":595,"biomesoplenty:yellow_autumn_sapling":9,"minecraft:shroomlight":1,"minecraft:gold_nugget":64,"minecraft:cobbled_deepslate":5535,"compressium:diorite_1":48,"minecraft:melon_slice":10,"minecraft:polished_blackstone_brick_slab":1,"minecraft:big_dripleaf":12,"minecraft:acacia_log":1,"biomesoplenty:magic_fence":6,"ironchest:gold_chest":3,"ironchest:diamond_chest":4,"minecraft:golden_chestplate":1,"alexsmobs:centipede_leg":3,"mekanism:raw_tin":122,"minecraft:stone_sword":1,"minecraft:light_gray_bed":3,"create:scoria":4,"farmersdelight:onion":8,"farmersdelight:rope":19,"tombstone:scroll_of_aquatic_life":1,"minecraft:bookshelf":4,"thermal:slag":16,"mekanism:painting_machine":2,"minecraft:blaze_rod":3,"mekanism:lead_ore":4,"biomesoplenty:lavender":1,"minecraft:birch_log":38,"minecraft:magma_block":4,"minecraft:cooked_beef":28,"ironchest:copper_chest":2,"biomesoplenty:fir_sapling":2,"biomesoplenty:fir_log":47,"alexsmobs:bison_fur":5,"minecraft:flint":53,"cookingforblockheads:recipe_book":9,"compressium:granite_1":40,"minecraft:lantern":2,"farmersdelight:tomato":11,"tombstone:familiar_receptacle":1,"enderio:dark_steel_sword":1,"minecraft:diamond_helmet":1,"silentgear:fine_silk":1,"ae2:certus_quartz_crystal":4,"netheritehorsearmor:emerald_horse_armor":1,"iceandfire:shiny_scales":4,"sophisticatedbackpacks:iron_backpack":4,"minecraft:ink_sac":9,"minecraft:dark_oak_log":7,"alexsmobs:animal_dictionary":4,"minecraft:bundle":12,"minecraft:deepslate":7022,"ae2:chipped_budding_quartz":2,"minecraft:granite":754,"minecraft:bread":123,"alexsmobs:maggot":2,"minecraft:crimson_roots":3,"iceandfire:raw_silver":28,"minecraft:crafting_table":9,"minecraft:nether_wart":4,"minecraft:clay_ball":412,"biomesoplenty:jacaranda_sapling":1,"ae2:silicon_press":1,"thermal:nickel_ingot":55,"minecraft:cornflower":3,"minecraft:flint_and_steel":1,"thermal:raw_nickel":8,"iceandfire:ghost_ingot":1,"iceandfire:graveyard_soil":1,"iceandfire:bestiary":2,"minecraft:deepslate_diamond_ore":27,"minecraft:beef":304,"thermal:niter":140,"minecraft:poppy":2,"refinedstorage:external_storage":7,"minecraft:chest":53,"minecraft:birch_sapling":1,"refinedstorage:silicon":42,"easy_emerald:amethyst_pickaxe":1,"minecraft:stone":5986,"mekanismtools:refined_obsidian_boots":2,"pipez:item_pipe":1,"sophisticatedbackpacks:backpack":4,"minecraft:amethyst_cluster":1,"ironchest:iron_chest":3,"farmersdelight:tomato_seeds":26,"minecraft:carrot":46,"minecraft:redstone":512,"botania:black_lotus":1,"mekanism:crusher":2,"mekanism:precision_sawmill":1,"biomesoplenty:jacaranda_log":6,"minecraft:beetroot_seeds":11,"minecraft:hay_block":38,"beyond_earth:frozy_skin_modifier":1,"tombstone:essence_of_undeath":2,"minecraft:gold_ingot":140,"sophisticatedbackpacks:copper_backpack":2,"bigreactors:yellorite_ore":155,"minecraft:mutton":19,"minecraft:white_wool":8,"biomesoplenty:orange_sand":17,"minecraft:rail":63,"minecraft:oxeye_daisy":4,"minecraft:stripped_oak_log":128,"mekanism:raw_lead":33,"compressium:andesite_1":48,"silentgear:blueprint_package":4,"minecraft:oak_log":223,"minecraft:lily_pad":1,"minecraft:ancient_debris":2,"mekanismgenerators:bio_generator":2,"minecraft:golden_boots":1,"alexsmobs:mosquito_proboscis":1,"minecraft:paper":15,"tombstone:gift":1,"minecraft:apple":37,"alexsmobs:cockroach_wing_fragment":3,"enderio:wood_gear":1,"minecraft:stone_pickaxe":2,"minecraft:cobweb":3,"tombstone:bag_of_seeds":1,"minecraft:iron_sword":1,"bigreactors:yellorium_ingot":65,"thermal:blitz_rod":1,"minecraft:gravel":210,"silentgear:bort":11,"minecraft:leather_helmet":1,"botania:red_double_flower":1,"biomesoplenty:mahogany_log":13,"minecraft:coal_ore":12,"minecraft:slime_ball":7,"compressium:cobblestone_1":64,"minecraft:gray_wool":1,"chunkloaders:basic_chunk_loader":3,"minecraft:polished_blackstone_brick_wall":3,"minecraft:crimson_nylium":7,"minecraft:hopper":1,"minecraft:ender_pearl":62,"minecraft:wheat":410,"minecraft:sentry_armor_trim_smithing_template":2,"easy_emerald:diamond_hammer":1,"minecraft:gilded_blackstone":17,"minecraft:nether_brick":99,"silentgear:fluffy_seeds":3,"silentgear:sinew":29,"minecraft:raw_copper":389,"minecraft:oak_sign":2,"thermal:sulfur":290,"alexsmobs:blood_sac":3,"rftoolsbase:dimensionalshard_nether":4,"biomesoplenty:fir_planks":4,"minecraft:bucket":1,"farmersdelight:cabbage":35,"minecraft:cobblestone_slab":25,"minecraft:calcite":376,"farmersdelight:cabbage_seeds":54,"minecraft:furnace":22,"minecraft:stick":99,"botania:lexicon":2,"ironchest:obsidian_chest":5,"ironchest:crystal_chest":18,"minecraft:oak_fence":30,"thermal:raw_lead":25,"minecraft:torch":205,"minecraft:netherite_shovel":1,"tombstone:grave_dust":86,"minecraft:diorite":897,"mekanismgenerators:solar_generator":1,"ae2:sky_stone_block":117,"minecraft:nether_gold_ore":6,"minecraft:rotten_flesh":397,"biomesoplenty:mahogany_sapling":1,"farmersdelight:tree_bark":126,"alexsdelight:raw_bison":12,"alexsmobs:emu_egg":5,"create:veridium":15,"mekanism:ingot_osmium":34,"minecraft:obsidian":121,"biomesoplenty:orange_cosmos":3,"mekanismtools:refined_glowstone_boots":2,"minecraft:cobblestone":2505,"mekanismgenerators:advanced_solar_generator":7,"enderio:loot_capacitor":1,"minecraft:enchanting_table":1,"minecraft:leather_chestplate":1,"minecraft:andesite":1841,"minecraft:black_bed":4,"easy_emerald:amethyst_sword":1,"minecraft:potato":67,"create:raw_zinc":178,"minecraft:tuff":705,"minecraft:light_gray_dye":22,"ae2:damaged_budding_quartz":3,"minecraft:lapis_lazuli":916,"minecraft:dirt":1831,"minecraft:glass":112,"minecraft:bone":309,"minecraft:bow":11,"minecraft:wheat_seeds":1195,"minecraft:raw_gold":15,"ae2:logic_processor_press":1,"minecraft:bamboo":8,"minecraft:oak_planks":33,"thermal:raw_tin":35,"mekanismtools:steel_boots":1,"minecraft:music_disc_13":2,"mekanism:upgrade_energy":6,"minecraft:sand":211,"minecraft:grass_block":14,"ae2:quartz_block":4,"minecraft:mossy_cobblestone":2,"mekanism:digital_miner":5,"minecraft:sugar":10,"minecraft:clay":21,"minecraft:diamond":134,"minecraft:crossbow":3,"easy_emerald:amethyst_hammer":1,"minecraft:white_concrete":3,"minecraft:emerald":51,"minecraft:oak_sapling":136,"minecraft:netherrack":697,"minecraft:charcoal":5,"minecraft:azure_bluet":9,"thermal:raw_silver":16,"thermal:cinnabar":35,"minecraft:gold_block":1,"minecraft:brick":8,"aether:leather_gloves":4,"thermal:silver_ingot":40,"minecraft:item_frame":8,"mekanism:ingot_uranium":148,"minecraft:blackstone":1,"tombstone:scroll_of_unstable_intangibility":1,"minecraft:lectern":1,"minecraft:sugar_cane":129,"minecraft:phantom_membrane":3,"bigreactors:benitoite_ore":6,"minecraft:raw_iron":151,"iceandfire:dragonbone":2,"iceandfire:troll_tusk":2,"minecraft:copper_ingot":302,"alexsmobs:leafcutter_ant_pupa":1,"create:zinc_ingot":154,"minecraft:dark_oak_planks":2,"minecraft:arrow":299,"iceandfire:silver_ingot":17,"botania:lime_mystical_flower":1,"ae2:certus_quartz_dust":1,"ae2:calculation_processor_press":1,"mekanism:ingot_lead":181,"minecraft:skeleton_skull":2,"minecraft:air":0,"minecraft:glow_ink_sac":1,"minecraft:salmon":2,"biomesoplenty:goldenrod":1,"minecraft:leather":236,"minecraft:yellow_glazed_terracotta":3,"iceandfire:ectoplasm":35,"minecraft:yellow_bed":1,"minecraft:nether_wart_block":3,"minecraft:cobbled_deepslate_stairs":90,"minecraft:gunpowder":165,"beyond_earth:earth_globe":1,"mca:book_romance":5,"tombstone:voodoo_poppet":1,"minecraft:cooked_mutton":6,"mekanism:salt":64,"rftoolsbase:dimensionalshard":17,"minecraft:iron_ingot":863,"minecraft:stripped_oak_wood":1,"sophisticatedbackpacks:tank_upgrade":1,"minecraft:acacia_sapling":1,"sophisticatedbackpacks:diamond_backpack":1,"minecraft:book":132,"mekanism:ingot_steel":10,"minecraft:nether_quartz_ore":80,"minecraft:warped_fungus":1,"minecraft:quartz":1,"minecraft:dandelion":15,"minecraft:dripstone_block":3,"minecraft:raw_iron_block":1,"mekanism:ingot_tin":149,"minecraft:amethyst_shard":6,"minecraft:white_bed":23,"mekanism:raw_osmium":34,"minecraft:spider_eye":140,"minecraft:stripped_jungle_log":1,"minecraft:pumpkin_seeds":3,"mekanism:fluorite_gem":237,"ae2:engineering_processor_press":1,"tombstone:magic_scroll":17,"minecraft:black_wool":1,"minecraft:coal":324},"minecraft:used":{"alexsmobs:emu_egg":5,"farmersdelight:cabbage_seeds":12,"minecraft:chest":86,"farmersdelight:cabbage":32,"minecraft:stone":796,"minecraft:rotten_flesh":11,"mekanism:digital_miner":6,"mekanism:precision_sawmill":2,"ironchest:iron_chest":4,"minecraft:lava_bucket":1,"minecraft:netherite_shovel":4229,"minecraft:grass_block":5,"refinedstorage:external_storage":9,"minecraft:bow":167,"minecraft:oak_sapling":62,"minecraft:yellow_glazed_terracotta":3,"minecraft:furnace":30,"mekanism:advanced_universal_cable":47,"ironchest:dirt_chest":1,"minecraft:diorite":8,"minecraft:clay":21,"easy_emerald:iron_hammer":242,"minecraft:golden_apple":2,"biomesoplenty:rainbow_birch_sapling":1,"minecraft:sand":417,"easy_emerald:amethyst_hammer":704,"mekanismgenerators:solar_generator":1,"minecraft:birch_log":16,"ironchest:wood_to_iron_chest_upgrade":2,"create:limestone":551,"minecraft:enchanting_table":2,"minecraft:stone_sword":68,"minecraft:netherrack":37,"minecraft:torch":995,"minecraft:anvil":1,"minecraft:nether_quartz_ore":9,"minecraft:iron_axe":568,"minecraft:diamond_chestplate":1,"minecraft:goat_horn":1,"tombstone:gift":14,"minecraft:cobbled_deepslate":247,"minecraft:calcite":38,"minecraft:wheat_seeds":499,"minecraft:water_bucket":195,"ironchest:gold_to_diamond_chest_upgrade":4,"mekanismgenerators:bio_generator":4,"minecraft:gilded_blackstone":18,"minecraft:crafting_table":13,"minecraft:white_bed":27,"minecraft:oak_log":6,"minecraft:iron_pickaxe":2777,"minecraft:cobblestone":852,"minecraft:dandelion":2,"mekanismtools:refined_obsidian_paxel":2548,"minecraft:iron_shovel":152,"minecraft:oak_sign":11,"mekanism:painting_machine":3,"minecraft:white_concrete_powder":170,"minecraft:iron_sword":516,"easy_emerald:amethyst_sword":2225,"tombstone:scroll_of_purification":1,"easy_emerald:amethyst_shovel":1543,"mekanismtools:osmium_sword":1,"mekanism:lead_ore":2,"minecraft:carrot":103,"minecraft:tuff":62,"biomesoplenty:rainbow_birch_leaves":7,"minecraft:obsidian":24,"minecraft:milk_bucket":1,"sophisticatedbackpacks:diamond_backpack":2,"farmersdelight:tomato":11,"minecraft:coal_ore":17,"minecraft:lantern":2,"minecraft:item_frame":8,"minecraft:bedrock":1,"minecraft:deepslate_diamond_ore":27,"farmersdelight:cutting_board":3,"minecraft:written_book":2,"ironchest:obsidian_chest":6,"minecraft:gold_block":2,"minecraft:stone_pickaxe":442,"minecraft:oak_planks":29,"biomesoplenty:fir_planks":42,"minecraft:sugar_cane":45,"minecraft:white_wool":3,"easy_emerald:diamond_hammer":3996,"biomesoplenty:goldenrod":1,"ironchest:copper_chest":2,"minecraft:crossbow":3,"minecraft:black_bed":8,"minecraft:cobbled_deepslate_stairs":254,"compressium:stone_1":2,"mekanism:crusher":5,"minecraft:melon_slice":6,"minecraft:bread":124,"ironchest:iron_to_gold_chest_upgrade":3,"minecraft:deepslate":731,"mekanismgenerators:advanced_solar_generator":11,"minecraft:stripped_oak_wood":3,"minecraft:andesite":120,"minecraft:white_concrete":2,"mekanism:pigment_extractor":1,"ironchest:crystal_chest":22,"minecraft:bone_meal":144,"minecraft:cobweb":3,"minecraft:experience_bottle":1776,"minecraft:oak_fence":11,"sophisticatedbackpacks:iron_backpack":5,"minecraft:flint_and_steel":1,"beyond_earth:earth_globe":2,"minecraft:dirt":1235,"ironchest:diamond_chest":3,"minecraft:hopper":7,"minecraft:raw_iron_block":2,"minecraft:granite":7,"minecraft:iron_hoe":147,"minecraft:dark_oak_planks":2,"minecraft:bookshelf":38,"easy_emerald:amethyst_pickaxe":1553,"ironchest:diamond_to_crystal_chest_upgrade":3,"ironchest:gold_chest":5,"minecraft:netherite_pickaxe":1148,"easy_emerald:amethyst_axe":63,"minecraft:cooked_beef":169,"botania:lime_mystical_flower":1,"minecraft:light_gray_bed":6,"minecraft:cooked_mutton":8,"tombstone:scroll_of_knowledge":1,"minecraft:amethyst_block":13,"chunkloaders:basic_chunk_loader":4,"minecraft:cobblestone_slab":43,"farmersdelight:onion":7,"minecraft:netherite_axe":748,"iceandfire:graveyard_soil":1,"minecraft:stone_axe":117,"easy_emerald:wooden_hammer":2,"minecraft:bucket":209,"minecraft:yellow_bed":1},"minecraft:custom":{"minecraft:interact_with_crafting_table":400,"minecraft:bell_ring":18,"minecraft:leave_game":33,"minecraft:time_since_death":917989,"minecraft:play_time":2887206,"minecraft:deaths":3,"minecraft:jump":27135,"minecraft:enchant_item":57,"minecraft:interact_with_furnace":376,"minecraft:traded_with_villager":102,"minecraft:sleep_in_bed":80,"minecraft:damage_dealt":232956,"tombstone:undead_killed":818,"minecraft:interact_with_anvil":31,"minecraft:inspect_hopper":17,"minecraft:damage_dealt_absorbed":640,"minecraft:sneak_time":2982,"minecraft:interact_with_blast_furnace":14,"minecraft:total_world_time":2887206,"tombstone:raider_killed":24,"minecraft:interact_with_stonecutter":1,"minecraft:time_since_rest":8024,"tombstone:cast_on_ally":0,"minecraft:swim_one_cm":417179,"minecraft:fly_one_cm":4863599,"minecraft:open_chest":3613,"minecraft:fall_one_cm":465639,"lootr:looted_stat":61,"minecraft:animals_bred":132,"minecraft:sprint_one_cm":5596071,"minecraft:drop":293,"minecraft:talked_to_villager":1,"minecraft:walk_on_water_one_cm":335258,"minecraft:player_kills":1,"minecraft:crouch_one_cm":2385,"minecraft:mob_kills":1282,"minecraft:damage_dealt_resisted":586,"minecraft:climb_one_cm":10255,"minecraft:walk_one_cm":6606157,"minecraft:walk_under_water_one_cm":310246,"minecraft:boat_one_cm":66917,"minecraft:damage_taken":12929,"minecraft:damage_absorbed":39,"minecraft:trigger_trapped_chest":9},"minecraft:killed":{"guardvillagers:guard":1,"alexsmobs:lobster":2,"minecraft:cave_spider":20,"minecraft:skeleton":179,"minecraft:chicken":1,"alexsmobs:centipede_head":3,"thermal:blitz":8,"minecraft:salmon":2,"minecraft:pillager":1,"minecraft:zombie":593,"minecraft:glow_squid":10,"minecraft:cow":115,"mca:female_zombie_villager":5,"thermal:basalz":1,"mca:male_zombie_villager":2,"alexsmobs:seagull":3,"iceandfire:ghost":35,"minecraft:enderman":29,"minecraft:witch":5,"minecraft:spider":107,"minecraft:piglin_brute":3,"minecraft:piglin":3,"minecraft:creeper":108,"alexsmobs:crimson_mosquito":12,"minecraft:sheep":6,"minecraft:blaze":4,"minecraft:slime":3,"minecraft:phantom":3,"alexsmobs:bison":3,"minecraft:drowned":3,"minecraft:bat":2,"minecraft:squid":2,"alexsmobs:cockroach":2},"minecraft:crafted":{"bigreactors:graphite_ingot":423,"minecraft:smooth_stone":4,"minecraft:oak_sign":9,"silentgear:guide_book":1,"mekanismgenerators:solar_generator":4,"mekanism:ingot_osmium":83,"minecraft:oak_pressure_plate":8,"minecraft:bookshelf":34,"patchouli:guide_book":1,"ironchest:crystal_chest":2,"minecraft:glass":78,"sophisticatedbackpacks:copper_backpack":1,"sophisticatedbackpacks:tank_upgrade":1,"easy_emerald:amethyst_hammer":2,"mekanism:energy_tablet":4,"easy_emerald:amethyst_axe":1,"mekanism:ingot_tin":162,"minecraft:wooden_shovel":2,"sophisticatedbackpacks:advanced_compacting_upgrade":1,"minecraft:emerald":102,"farmersdelight:iron_knife":4,"minecraft:gravel":270,"minecraft:copper_ingot":260,"minecraft:sticky_piston":1,"easy_emerald:wooden_hammer":3,"minecraft:light_gray_bed":2,"sophisticatedbackpacks:refill_upgrade":1,"absentbydesign:slab_glass":6,"easy_emerald:amethyst_pickaxe":2,"minecraft:iron_pickaxe":12,"minecraft:iron_block":9,"minecraft:gold_ingot":62,"sophisticatedbackpacks:blasting_upgrade":1,"mekanism:advanced_universal_cable":32,"sophisticatedbackpacks:advanced_refill_upgrade":1,"ironchest:diamond_to_crystal_chest_upgrade":3,"easy_emerald:diamond_hammer":5,"sophisticatedbackpacks:stack_upgrade_tier_1":1,"minecraft:bone_meal":258,"ironchest:gold_to_diamond_chest_upgrade":4,"chunkloaders:basic_chunk_loader":1,"sophisticatedbackpacks:advanced_void_upgrade":1,"minecraft:stone_pickaxe":3,"minecraft:cobbled_deepslate_stairs":168,"minecraft:redstone_block":3,"compressium:granite_1":40,"minecraft:wheat":342,"minecraft:coal_block":14,"ironchest:gold_chest":3,"ironchest:wood_to_iron_chest_upgrade":4,"minecraft:enchanting_table":1,"sophisticatedbackpacks:advanced_tool_swapper_upgrade":1,"sophisticatedbackpacks:gold_backpack":1,"ironchest:iron_to_gold_chest_upgrade":3,"minecraft:cobblestone":27,"ironchest:obsidian_chest":1,"minecraft:wooden_axe":1,"minecraft:iron_shovel":1,"minecraft:iron_leggings":4,"minecraft:white_bed":2,"minecraft:oak_planks":878,"silentgear:template_board":6,"minecraft:cobblestone_slab":30,"minecraft:sand":297,"minecraft:stone":2511,"sophisticatedbackpacks:void_upgrade":1,"minecraft:hopper":5,"minecraft:iron_boots":4,"minecraft:bow":5,"compressium:diorite_1":49,"minecraft:chest":49,"minecraft:copper_block":27,"mekanism:painting_machine":1,"mekanism:ingot_steel":8,"minecraft:raw_iron_block":1,"easy_emerald:amethyst_shovel":6,"minecraft:item_frame":4,"mekanism:dye_base":3,"sophisticatedbackpacks:battery_upgrade":1,"compressium:andesite_1":48,"minecraft:crafting_table":6,"minecraft:wooden_pickaxe":3,"minecraft:iron_helmet":2,"minecraft:gold_block":18,"sophisticatedbackpacks:upgrade_base":9,"minecraft:diorite":9,"easy_emerald:amethyst_sword":4,"ironchest:diamond_chest":2,"biomesoplenty:fir_planks":48,"farmersdelight:cutting_board":1,"compressium:dirt_1":450,"minecraft:book":60,"minecraft:iron_chestplate":4,"minecraft:paper":197,"minecraft:charcoal":3,"mekanism:steel_casing":3,"minecraft:stick":280,"sophisticatedbackpacks:diamond_backpack":1,"minecraft:iron_ingot":410,"minecraft:stone_sword":2,"minecraft:black_bed":1,"mekanism:precision_sawmill":1,"sophisticatedbackpacks:advanced_pickup_upgrade":1,"minecraft:wooden_sword":3,"minecraft:redstone":18,"mekanism:basic_universal_cable":32,"minecraft:raw_iron":18,"minecraft:coal":144,"minecraft:fishing_rod":1,"sophisticatedbackpacks:tool_swapper_upgrade":1,"sophisticatedbackpacks:advanced_magnet_upgrade":1,"minecraft:furnace":11,"minecraft:stone_button":1,"minecraft:blast_furnace":1,"minecraft:piston":5,"sophisticatedbackpacks:stack_upgrade_starter_tier":1,"ironchest:dirt_chest":1,"minecraft:glass_pane":80,"mekanism:pigment_extractor":1,"minecraft:white_concrete_powder":400,"minecraft:polished_deepslate":256,"minecraft:iron_axe":3,"minecraft:iron_hoe":1,"mekanismgenerators:advanced_solar_generator":1,"sophisticatedbackpacks:compacting_upgrade":1,"sophisticatedbackpacks:stack_upgrade_tier_2":1,"compressium:stone_1":233,"easy_emerald:iron_hammer":7,"sophisticatedbackpacks:iron_backpack":1,"minecraft:cooked_beef":160,"mekanismtools:osmium_sword":1,"minecraft:iron_sword":2,"minecraft:stripped_oak_wood":2,"ironchest:copper_chest":4,"minecraft:dirt":2817,"minecraft:bucket":3,"minecraft:stone_axe":1,"minecraft:bread":114,"minecraft:air":0,"sophisticatedbackpacks:pickup_upgrade":1,"minecraft:white_wool":1,"minecraft:white_dye":66,"mekanism:upgrade_energy":4,"compressium:cobblestone_1":125,"mekanism:advanced_control_circuit":2,"minecraft:anvil":1,"beyond_earth:steel_ingot":2,"minecraft:torch":792,"minecraft:lapis_block":42,"ironchest:iron_chest":4,"mekanismgenerators:solar_panel":12},"minecraft:dropped":{"sophisticatedbackpacks:iron_backpack":4,"minecraft:cooked_beef":30,"easy_emerald:amethyst_hammer":1,"minecraft:diamond":5,"enderio:loot_capacitor":1,"beyond_earth:frozy_skin_modifier":1,"minecraft:crossbow":1,"iceandfire:ectoplasm":3,"minecraft:sentry_armor_trim_smithing_template":2,"minecraft:emerald":78,"minecraft:dirt":27,"minecraft:stone_button":1,"minecraft:iron_pickaxe":1,"minecraft:white_wool":1,"minecraft:cobbled_deepslate":2112,"alexsmobs:animal_dictionary":1,"minecraft:obsidian":86,"farmersdelight:cabbage":3,"mekanism:ingot_uranium":357,"minecraft:oak_planks":7,"minecraft:netherite_shovel":1,"minecraft:white_bed":1,"refinedstorage:silicon":42,"create:scoria":1,"minecraft:charcoal":160,"create:limestone":113,"minecraft:glass":4,"botania:black_lotus":1,"iceandfire:manuscript":11,"alexsmobs:mosquito_proboscis":1,"minecraft:enchanted_book":4,"minecraft:iron_ingot":135,"mekanism:upgrade_energy":6,"minecraft:wheat_seeds":2,"minecraft:book":1,"minecraft:iron_helmet":1,"minecraft:cobblestone":170,"minecraft:granite":143,"minecraft:coal":2,"minecraft:coal_block":13,"minecraft:golden_apple":1,"minecraft:lava_bucket":3,"minecraft:gray_wool":1,"minecraft:paper":5,"minecraft:string":7,"tombstone:voodoo_poppet":1,"minecraft:stone_sword":1,"minecraft:deepslate":1737,"minecraft:iron_boots":1,"sophisticatedbackpacks:backpack":1,"minecraft:light_gray_concrete":128,"pipez:item_pipe":1,"minecraft:shroomlight":1,"minecraft:stone":49,"botania:lexicon":1,"alexsmobs:cockroach_wing_fragment":1,"minecraft:diamond_pickaxe":1,"iceandfire:silver_ingot":4,"minecraft:spider_eye":1,"easy_emerald:diamond_hammer":2,"sophisticatedbackpacks:copper_backpack":2,"minecraft:bow":2,"mekanism:ingot_steel":6,"bigreactors:graphite_ingot":5,"mekanism:ingot_refined_obsidian":18,"ironchest:crystal_chest":2,"minecraft:black_wool":1,"minecraft:leather":99,"silentgear:blueprint_package":1,"minecraft:music_disc_13":1,"minecraft:cod":2,"minecraft:flint":2,"minecraft:cooked_cod":40,"farmersdelight:onion":3,"biomesoplenty:magic_fence":5,"minecraft:gold_ingot":20,"easy_emerald:amethyst_pickaxe":3,"biomesoplenty:rainbow_birch_sapling":1,"chunkloaders:basic_chunk_loader":1,"aether:leather_gloves":1,"minecraft:cooked_mutton":3,"minecraft:carrot":16,"sophisticatedbackpacks:diamond_backpack":1,"easy_emerald:amethyst_sword":1,"minecraft:skeleton_skull":1,"mekanism:logistical_sorter":1,"minecraft:white_concrete_powder":192,"minecraft:quartz":1,"minecraft:bread":27,"minecraft:grass_block":2,"minecraft:stick":13,"minecraft:diorite":2,"minecraft:torch":60,"mekanism:raw_uranium":129,"minecraft:white_concrete":1,"minecraft:iron_leggings":1,"minecraft:lapis_block":8,"minecraft:redstone":11,"minecraft:kelp":64,"minecraft:tuff":64,"farmersdelight:cabbage_seeds":10,"mekanism:lead_ore":2,"biomesoplenty:rainbow_birch_leaves":6,"minecraft:glass_pane":32,"minecraft:diamond_chestplate":1,"enderio:dark_steel_sword":1,"mekanism:ingot_lead":2,"minecraft:wooden_pickaxe":1,"minecraft:nether_quartz_ore":70,"minecraft:brick":4}},"DataVersion":3465}