{"stats":{"minecraft:custom":{"minecraft:interact_with_crafting_table":283,"minecraft:open_barrel":44,"minecraft:bell_ring":60,"minecraft:leave_game":27,"minecraft:time_since_death":290908,"minecraft:play_time":2058360,"minecraft:deaths":24,"minecraft:jump":28741,"minecraft:enchant_item":1,"minecraft:interact_with_furnace":469,"minecraft:traded_with_villager":4,"minecraft:sleep_in_bed":89,"minecraft:waystone_activated":1,"minecraft:damage_dealt":106096,"tombstone:undead_killed":255,"minecraft:interact_with_smoker":2,"minecraft:interact_with_smithing_table":4,"minecraft:interact_with_anvil":8,"minecraft:damage_dealt_absorbed":360,"minecraft:sneak_time":75925,"minecraft:interact_with_blast_furnace":2,"minecraft:total_world_time":2058360,"tombstone:raider_killed":29,"minecraft:time_since_rest":6246,"minecraft:swim_one_cm":920687,"minecraft:fly_one_cm":6028745,"minecraft:open_chest":2316,"minecraft:fish_caught":47,"minecraft:fall_one_cm":700066,"lootr:looted_stat":31,"minecraft:sprint_one_cm":4684310,"minecraft:drop":385,"minecraft:talked_to_villager":17,"minecraft:walk_on_water_one_cm":437363,"minecraft:crouch_one_cm":245878,"minecraft:mob_kills":579,"minecraft:damage_dealt_resisted":489,"minecraft:climb_one_cm":34476,"minecraft:walk_one_cm":3516231,"minecraft:walk_under_water_one_cm":364232,"minecraft:raid_trigger":1,"minecraft:damage_taken":32513,"minecraft:damage_absorbed":20,"minecraft:trigger_trapped_chest":3},"minecraft:broken":{"minecraft:wooden_shovel":5,"minecraft:iron_boots":3,"minecraft:iron_chestplate":2,"minecraft:iron_leggings":4,"minecraft:iron_sword":1,"aether:iron_gloves":2,"minecraft:wooden_pickaxe":1,"minecraft:iron_axe":11,"minecraft:iron_pickaxe":11,"minecraft:iron_helmet":3,"minecraft:iron_shovel":10,"minecraft:golden_shovel":4,"minecraft:stone_pickaxe":1,"minecraft:stone_axe":1,"minecraft:wooden_axe":5,"minecraft:flint_and_steel":2,"minecraft:golden_axe":1,"minecraft:diamond_axe":1},"minecraft:picked_up":{"minecraft:wooden_axe":2,"minecraft:creeper_head":2,"minecraft:anvil":1,"biomesoplenty:rainbow_birch_leaves":5,"mekanism:raw_uranium":16,"minecraft:smithing_table":1,"minecraft:lead":1,"biomesoplenty:orange_autumn_sapling":64,"minecraft:oak_stairs":14,"minecraft:enchanted_book":9,"minecraft:wither_rose":1,"minecraft:amethyst_block":15,"biomesoplenty:rainbow_birch_sapling":8,"minecraft:music_disc_cat":1,"minecraft:string":289,"thermal:tin_ingot":2,"create:limestone":72,"minecraft:cooked_salmon":5,"biomesoplenty:tall_lavender":12,"minecraft:pufferfish":20,"minecraft:shroomlight":40,"minecraft:beetroot":4,"enderio:vibrant_alloy_ingot":1,"alexsmobs:emu_feather":1,"minecraft:gold_nugget":18,"minecraft:cobbled_deepslate":1299,"biomesoplenty:redwood_wood":763,"minecraft:melon_slice":175,"minecraft:coal_block":85,"minecraft:jukebox":1,"minecraft:big_dripleaf":32,"everythingcopper:copper_leggings":1,"biomesoplenty:magic_fence":81,"alexsmobs:centipede_leg":2,"tombstone:tablet_of_cupidity":1,"minecraft:golden_chestplate":1,"mekanism:raw_tin":5,"botania:manasteel_ingot":6,"minecraft:light_gray_bed":1,"minecraft:tropical_fish":4,"farmersdelight:onion":18,"create:ochrum":2,"silentgear:axe_blueprint":1,"biomesoplenty:redwood_trapdoor":2,"farmersdelight:rope":107,"tombstone:scroll_of_aquatic_life":1,"alexsmobs:lobster_tail":4,"biomesoplenty:lavender":54,"minecraft:birch_log":214,"minecraft:magma_block":3,"minecraft:feather":12,"minecraft:cooked_beef":3,"farmersdelight:rice":10,"minecraft:birch_slab":5,"minecraft:jungle_log":500,"biomesoplenty:fir_sapling":76,"biomesoplenty:fir_log":440,"minecraft:flint":61,"farmersdelight:cooked_bacon":10,"minecraft:gray_concrete":337,"minecraft:lantern":25,"farmersdelight:tomato":115,"minecraft:light_gray_concrete_powder":13,"enderio:dark_steel_sword":4,"minecraft:glowstone_dust":22,"enderio:dark_steel_ingot":3,"biomesoplenty:mahogany_planks":228,"biomesoplenty:magic_sapling":57,"silentgear:fine_silk":4,"botania:gray_double_flower":1,"tombstone:scroll_of_feather_fall":3,"iceandfire:dragon_skull_fire":1,"iceandfire:shiny_scales":2,"everythingcopper:copper_horse_armor":3,"sophisticatedbackpacks:iron_backpack":3,"minecraft:ink_sac":28,"minecraft:dark_oak_log":217,"minecraft:barrel":1,"alexsmobs:animal_dictionary":1,"minecraft:bundle":5,"minecraft:polished_andesite":6,"alexsmobs:kangaroo_hide":10,"create:crimsite":6,"biomesoplenty:magic_planks":2,"iceandfire:lectern":3,"minecraft:granite":124,"alexsmobs:tarantula_hawk_wing_fragment":1,"minecraft:bread":13,"alexsmobs:maggot":1,"minecraft:dark_oak_fence":3,"minecraft:crimson_roots":45,"iceandfire:raw_silver":1,"minecraft:diamond_pickaxe":2,"silentgear:rod_blueprint":1,"minecraft:crafting_table":31,"minecraft:coarse_dirt":9,"minecraft:clay_ball":212,"silentgear:pickaxe_blueprint":1,"biomesoplenty:jacaranda_sapling":98,"thermal:nickel_ingot":10,"minecraft:cornflower":1,"alexsmobs:cooked_catfish":17,"minecraft:flint_and_steel":2,"thermal:raw_nickel":22,"minecraft:iron_shovel":1,"minecraft:glass_pane":20,"iceandfire:graveyard_soil":1,"minecraft:music_disc_otherside":1,"minecraft:beef":35,"minecraft:poppy":7,"thermal:niter":14,"minecraft:jungle_sapling":38,"minecraft:iron_nugget":5,"minecraft:chest":66,"alexsmobs:cooked_lobster_tail":8,"minecraft:birch_sapling":70,"minecraft:egg":1,"refinedstorage:silicon":1,"minecraft:stone":9,"sophisticatedbackpacks:backpack":9,"minecraft:fire_charge":2,"farmersdelight:tomato_seeds":11,"everythingcopper:copper_chestplate":1,"minecraft:carrot":609,"minecraft:redstone":32,"botania:black_lotus":4,"iceandfire:dragon_skull_ice":1,"minecraft:stone_shovel":1,"minecraft:diamond_chestplate":3,"minecraft:cooked_cod":40,"biomesoplenty:jacaranda_log":214,"minecraft:beetroot_seeds":13,"minecraft:peony":6,"minecraft:deepslate_bricks":2,"minecraft:hay_block":7,"beyond_earth:frozy_skin_modifier":3,"minecraft:gold_ingot":118,"minecraft:totem_of_undying":6,"sophisticatedbackpacks:copper_backpack":1,"biomesoplenty:redwood_sapling":57,"bigreactors:yellorite_ore":14,"botania:green_mystical_flower":4,"biomesoplenty:mahogany_pressure_plate":4,"biomesoplenty:orange_sand":115,"alexsmobs:kangaroo_meat":5,"minecraft:rail":3,"minecraft:oxeye_daisy":88,"minecraft:stripped_oak_log":20,"iceandfire:sea_serpent_fang":10,"mekanism:raw_lead":6,"minecraft:tripwire_hook":8,"silentgear:blueprint_package":1,"minecraft:oak_log":1397,"minecraft:lily_pad":9,"minecraft:golden_boots":3,"thermal:bamboo_block":2,"minecraft:paper":4,"minecraft:white_banner":4,"biomesoplenty:mahogany_slab":6,"netheritehorsearmor:chain_horse_armor":1,"minecraft:apple":78,"iceandfire:pixie_jar_empty":5,"minecraft:kelp":183,"alexsmobs:cockroach_wing_fragment":1,"enderio:wood_gear":6,"minecraft:stone_pickaxe":1,"netheritehorsearmor:copper_horse_armor":3,"biomesoplenty:magic_log":324,"tombstone:bag_of_seeds":4,"minecraft:iron_sword":2,"minecraft:dark_oak_stairs":12,"bigreactors:yellorium_ingot":17,"thermal:blitz_rod":2,"iceandfire:copper_nugget":19,"minecraft:sweet_berries":188,"minecraft:gravel":445,"silentgear:bort":8,"minecraft:leather_helmet":1,"botania:red_double_flower":1,"biomesoplenty:mahogany_log":784,"minecraft:baked_potato":36,"minecraft:melon_seeds":2,"minecraft:stripped_dark_oak_log":1,"minecraft:ender_pearl":5,"minecraft:wheat":68,"silentgear:fluffy_puff":7,"minecraft:sentry_armor_trim_smithing_template":4,"tombstone:tablet_of_home":3,"biomesoplenty:stripped_redwood_wood":2,"minecraft:potion":4,"minecraft:nether_brick":16,"silentgear:fluffy_seeds":7,"silentgear:sinew":11,"minecraft:raw_copper":90,"minecraft:smooth_stone_slab":3,"minecraft:iron_leggings":2,"minecraft:zombie_head":6,"thermal:sulfur":237,"farmersdelight:cabbage":35,"alexsmobs:banana":11,"alexsmobs:blood_sac":4,"minecraft:smooth_stone":1,"minecraft:comparator":4,"biomesoplenty:fir_planks":8,"minecraft:calcite":40,"minecraft:iron_pickaxe":2,"alexsmobs:raccoon_tail":2,"farmersdelight:cabbage_seeds":100,"minecraft:iron_boots":1,"minecraft:furnace":9,"minecraft:stick":605,"botania:lexicon":2,"farmersdelight:rotten_tomato":3,"minecraft:oak_fence":1,"minecraft:torch":441,"silentgear:katana_blueprint":1,"minecraft:porkchop":72,"minecraft:netherite_shovel":1,"tombstone:grave_dust":40,"minecraft:diorite":56,"biomesoplenty:mahogany_fence":235,"minecraft:goat_horn":1,"minecraft:rotten_flesh":275,"botania:light_gray_mystical_flower":5,"biomesoplenty:mahogany_sapling":186,"create:asurine":2,"silentgear:shovel_blueprint":1,"alexsmobs:emu_egg":2,"create:veridium":217,"mekanism:ingot_osmium":21,"minecraft:obsidian":40,"biomesoplenty:orange_cosmos":7,"minecraft:cod":52,"minecraft:cobblestone":1518,"minecraft:nautilus_shell":2,"enderio:loot_capacitor":4,"minecraft:enchanting_table":1,"minecraft:leather_chestplate":1,"farmersdelight:onion_crate":2,"absentbydesign:slab_glass":12,"minecraft:andesite":48,"minecraft:black_bed":19,"minecraft:golden_leggings":2,"minecraft:potato":242,"minecraft:tuff":79,"create:raw_zinc":28,"minecraft:lapis_lazuli":479,"minecraft:dirt":3523,"minecraft:stripped_birch_log":2,"minecraft:name_tag":2,"minecraft:leather_boots":2,"minecraft:glass":157,"minecraft:bone":129,"silentgear:blaze_gold_nugget":14,"silentgear:netherwood_sapling":2,"minecraft:bow":12,"minecraft:wheat_seeds":475,"minecraft:raw_gold":70,"tombstone:scroll_of_reach":1,"minecraft:bamboo":98,"minecraft:oak_planks":419,"botania:gray_mystical_flower":19,"biomesoplenty:toadstool":4,"thermal:raw_tin":9,"minecraft:cooked_porkchop":17,"minecraft:music_disc_13":3,"biomesoplenty:mahogany_sign":24,"minecraft:oak_pressure_plate":1,"minecraft:poisonous_potato":2,"minecraft:jungle_planks":25,"minecraft:sand":4258,"minecraft:grass_block":2,"minecraft:lily_of_the_valley":24,"farmersdelight:ham":1,"farmersdelight:cooked_mutton_chops":8,"minecraft:mossy_cobblestone":11,"tombstone:scroll_of_mercy":2,"minecraft:light_gray_concrete":538,"minecraft:diamond":58,"alexsmobs:rattlesnake_rattle":3,"minecraft:crossbow":2,"enderio:enderman_head":1,"minecraft:bone_meal":1,"minecraft:golden_apple":6,"minecraft:white_concrete":426,"minecraft:emerald":39,"biomesoplenty:pink_daffodil":40,"minecraft:oak_sapling":550,"minecraft:netherrack":105,"iceandfire:silver_nugget":12,"biomesoplenty:stripped_jacaranda_log":1,"mca:bouquet":2,"minecraft:fishing_rod":3,"alexsdelight:cooked_centipede_leg":2,"minecraft:cocoa_beans":44,"minecraft:charcoal":2,"minecraft:azure_bluet":32,"minecraft:chicken":4,"minecraft:ladder":8,"thermal:cinnabar":3,"minecraft:brown_mushroom":1,"silentgear:shield_blueprint":1,"minecraft:gold_block":2,"enderio:broken_spawner":3,"minecraft:brick":4,"minecraft:moss_carpet":1,"minecraft:iron_axe":2,"thermal:silver_ingot":8,"mekanism:ingot_uranium":30,"minecraft:blackstone":1,"minecraft:candle":4,"minecraft:detector_rail":8,"tombstone:tablet_of_assistance":1,"minecraft:sugar_cane":13,"farmersdelight:golden_knife":1,"minecraft:phantom_membrane":3,"minecraft:raw_iron":261,"iceandfire:dragonbone":22,"iceandfire:troll_tusk":1,"minecraft:copper_ingot":96,"minecraft:bowl":4,"everythingcopper:copper_boots":2,"botania:lime_double_flower":1,"alexsmobs:leafcutter_ant_pupa":4,"create:zinc_ingot":27,"minecraft:dark_oak_planks":16,"minecraft:purple_candle":4,"biomesoplenty:redwood_planks":16,"iceandfire:silver_ingot":3,"tombstone:lost_tablet":2,"minecraft:arrow":224,"botania:lime_mystical_flower":3,"biomesoplenty:orange_sandstone":1,"tombstone:fishing_rod_of_misadventure":4,"minecraft:saddle":1,"mekanism:ingot_lead":8,"minecraft:skeleton_skull":3,"silentgear:knife_blueprint":1,"minecraft:purple_dye":2,"silentgear:flax_seeds":1,"minecraft:air":0,"minecraft:basalt":4,"minecraft:glow_ink_sac":3,"minecraft:crimson_stem":1,"minecraft:salmon":35,"minecraft:leather":27,"minecraft:birch_planks":151,"minecraft:crimson_fungus":2,"iceandfire:ectoplasm":3,"minecraft:yellow_bed":18,"minecraft:nether_wart_block":10,"minecraft:gunpowder":39,"mca:book_romance":3,"minecraft:wooden_hoe":1,"botania:black_mystical_flower":8,"minecraft:cooked_mutton":3,"mekanism:salt":32,"minecraft:red_carpet":2,"minecraft:coast_armor_trim_smithing_template":1,"rftoolsbase:dimensionalshard":96,"minecraft:gray_carpet":3,"minecraft:iron_ingot":173,"minecraft:cooked_chicken":4,"minecraft:stripped_oak_wood":2,"minecraft:book":45,"minecraft:oak_slab":46,"minecraft:warped_fungus":3,"minecraft:dandelion":21,"minecraft:dripstone_block":19,"mekanism:ingot_tin":28,"minecraft:amethyst_shard":18,"minecraft:white_bed":21,"mekanism:raw_osmium":12,"minecraft:spider_eye":24,"minecraft:stripped_jungle_log":2,"alexsmobs:raw_catfish":33,"minecraft:white_concrete_powder":195,"minecraft:light_gray_candle":12,"biomesoplenty:mahogany_door":6,"minecraft:iron_helmet":7,"mekanism:fluorite_gem":102,"iceandfire:sea_serpent_scales_red":4,"tombstone:magic_scroll":17,"minecraft:damaged_anvil":1,"minecraft:black_wool":2,"minecraft:coal":642},"minecraft:crafted":{"minecraft:black_dye":49,"minecraft:light_gray_concrete_powder":384,"minecraft:oak_sign":3,"minecraft:purple_bed":1,"mekanism:ingot_osmium":21,"minecraft:oak_pressure_plate":1,"minecraft:birch_slab":12,"minecraft:diamond_shovel":3,"minecraft:cooked_mutton":6,"botania:red_petal":4,"minecraft:glass":186,"alexsmobs:cooked_catfish":17,"botania:light_gray_petal":10,"minecraft:golden_axe":1,"mekanism:ingot_tin":8,"minecraft:wooden_shovel":5,"minecraft:cooked_porkchop":56,"minecraft:diamond_axe":2,"minecraft:copper_ingot":75,"minecraft:campfire":1,"mekanism:ingot_lead":8,"minecraft:tropical_fish_bucket":2,"minecraft:wooden_hoe":1,"absentbydesign:slab_glass":6,"minecraft:iron_pickaxe":12,"minecraft:iron_block":3,"farmersdelight:cooked_bacon":10,"minecraft:gold_ingot":80,"minecraft:light_gray_dye":49,"thermal:tin_ingot":2,"biomesoplenty:mahogany_sign":18,"biomesoplenty:mahogany_fence":246,"alexsdelight:cooked_centipede_leg":2,"mca:bouquet":2,"minecraft:bone_meal":255,"mekanism:ingot_uranium":21,"biomesoplenty:rainbow_birch_sapling":1,"botania:black_petal":12,"biomesoplenty:redwood_trapdoor":2,"thermal:silver_ingot":8,"minecraft:ladder":9,"minecraft:stone_pickaxe":2,"minecraft:dark_oak_planks":28,"minecraft:coal_block":26,"farmersdelight:cooked_mutton_chops":13,"minecraft:enchanting_table":1,"biomesoplenty:redwood_planks":56,"minecraft:gray_concrete_powder":304,"minecraft:golden_apple":2,"minecraft:wooden_axe":5,"minecraft:oak_stairs":16,"minecraft:black_stained_glass_pane":352,"minecraft:iron_shovel":13,"minecraft:iron_leggings":4,"bigreactors:yellorium_ingot":13,"biomesoplenty:mahogany_pressure_plate":2,"biomesoplenty:magic_fence":468,"minecraft:oak_planks":2544,"minecraft:cooked_chicken":4,"biomesoplenty:mahogany_slab":6,"botania:gray_petal":42,"alexsmobs:crocodile_egg":1,"minecraft:iron_boots":4,"minecraft:chest":38,"minecraft:oak_slab":78,"sophisticatedbackpacks:backpack":1,"minecraft:crafting_table":12,"minecraft:iron_helmet":5,"minecraft:baked_potato":68,"minecraft:wooden_pickaxe":1,"minecraft:birch_planks":808,"thermal:nickel_ingot":10,"minecraft:book":1,"minecraft:iron_chestplate":2,"minecraft:yellow_dye":1,"minecraft:purple_dye":4,"minecraft:stick":724,"minecraft:iron_ingot":242,"minecraft:black_bed":1,"minecraft:shears":1,"minecraft:coal":531,"minecraft:fishing_rod":1,"biomesoplenty:mahogany_planks":1280,"minecraft:furnace":10,"minecraft:gray_dye":42,"minecraft:glass_pane":448,"minecraft:flint_and_steel":6,"minecraft:white_concrete_powder":208,"thermal:bamboo_block":7,"minecraft:iron_axe":15,"minecraft:iron_hoe":1,"biomesoplenty:magic_planks":668,"sophisticatedbackpacks:iron_backpack":4,"minecraft:cooked_beef":30,"minecraft:red_dye":4,"iceandfire:silver_ingot":1,"minecraft:dark_oak_stairs":8,"alexsmobs:cooked_lobster_tail":8,"minecraft:iron_sword":2,"minecraft:cooked_salmon":5,"minecraft:golden_shovel":4,"minecraft:bucket":1,"minecraft:stone_axe":1,"minecraft:bread":18,"minecraft:air":0,"minecraft:jungle_planks":24,"minecraft:white_dye":119,"biomesoplenty:mahogany_door":3,"minecraft:anvil":1,"minecraft:torch":888,"create:zinc_ingot":27},"minecraft:killed":{"alexsmobs:lobster":13,"minecraft:skeleton":81,"alexsmobs:leafcutter_ant":8,"minecraft:chicken":4,"alexsmobs:capuchin_monkey":1,"alexsmobs:centipede_head":1,"minecraft:tropical_fish":1,"thermal:blitz":1,"minecraft:parrot":1,"minecraft:salmon":13,"alexsmobs:seal":2,"minecraft:pillager":16,"minecraft:zombie":150,"alexsmobs:cachalot_whale":1,"alexsmobs:roadrunner":1,"minecraft:glow_squid":1,"iceandfire:sea_serpent":1,"minecraft:cow":17,"mca:female_zombie_villager":1,"minecraft:evoker":3,"alexsmobs:mimic_octopus":1,"mca:male_zombie_villager":2,"alexsmobs:raccoon":2,"minecraft:vindicator":7,"alexsmobs:seagull":5,"alexsmobs:gorilla":3,"iceandfire:hippocampus":1,"minecraft:husk":3,"alexsmobs:catfish":26,"alexsmobs:elephant":1,"iceandfire:ghost":7,"minecraft:enderman":5,"alexsmobs:hummingbird":4,"minecraft:spider":74,"alexsmobs:banana_slug":1,"alexsmobs:kangaroo":4,"minecraft:pig":35,"alexsmobs:grizzly_bear":1,"minecraft:creeper":21,"alexsmobs:crimson_mosquito":7,"alexsmobs:terrapin":4,"alexsmobs:fly":2,"minecraft:vex":3,"alexsmobs:tarantula_hawk":1,"minecraft:allay":1,"minecraft:phantom":3,"minecraft:drowned":8,"minecraft:bat":2,"minecraft:squid":14,"alexsmobs:emu":1,"alexsmobs:crow":3},"minecraft:dropped":{"sophisticatedbackpacks:iron_backpack":4,"iceandfire:raw_silver":1,"minecraft:glow_ink_sac":3,"minecraft:crafting_table":1,"enderio:loot_capacitor":3,"minecraft:cooked_porkchop":6,"beyond_earth:frozy_skin_modifier":1,"minecraft:saddle":2,"minecraft:leather_helmet":1,"minecraft:sentry_armor_trim_smithing_template":2,"minecraft:dirt":15,"biomesoplenty:stripped_redwood_wood":2,"minecraft:jungle_sapling":3,"minecraft:gold_nugget":5,"minecraft:bone_meal":1,"minecraft:phantom_membrane":1,"minecraft:sand":3,"minecraft:iron_pickaxe":1,"minecraft:bone":3,"thermal:raw_tin":1,"biomesoplenty:toadstool":4,"minecraft:goat_horn":1,"minecraft:sugar_cane":2,"minecraft:iron_nugget":11,"alexsmobs:animal_dictionary":1,"minecraft:cobbled_deepslate":102,"minecraft:birch_sapling":3,"minecraft:wheat":8,"minecraft:obsidian":3,"farmersdelight:cabbage":23,"minecraft:stripped_dark_oak_log":1,"minecraft:rotten_flesh":10,"minecraft:netherite_shovel":1,"minecraft:glowstone_dust":11,"create:asurine":2,"alexsmobs:emu_egg":2,"minecraft:azure_bluet":3,"minecraft:white_bed":1,"minecraft:salmon":4,"alexsmobs:leafcutter_ant_pupa":2,"refinedstorage:silicon":1,"biomesoplenty:stripped_jacaranda_log":1,"minecraft:leather_boots":2,"create:limestone":12,"minecraft:beef":2,"botania:black_lotus":1,"biomesoplenty:tall_lavender":6,"minecraft:golden_boots":1,"minecraft:iron_ingot":1,"minecraft:wheat_seeds":49,"biomesoplenty:lavender":26,"minecraft:iron_helmet":1,"minecraft:feather":2,"minecraft:cobblestone":7,"minecraft:apple":4,"minecraft:granite":7,"silentgear:sinew":8,"minecraft:coal":22,"minecraft:polished_andesite":6,"minecraft:oxeye_daisy":27,"minecraft:ink_sac":3,"minecraft:wooden_axe":2,"minecraft:potion":4,"minecraft:smooth_stone":1,"minecraft:iron_shovel":1,"minecraft:string":6,"minecraft:lily_pad":7,"silentgear:bort":6,"create:raw_zinc":3,"iceandfire:silver_nugget":1,"minecraft:creeper_head":1,"minecraft:smooth_stone_slab":3,"minecraft:stone_shovel":1,"minecraft:iron_boots":1,"sophisticatedbackpacks:backpack":2,"minecraft:big_dripleaf":3,"minecraft:potato":3,"minecraft:shroomlight":11,"minecraft:bundle":2,"minecraft:diamond_pickaxe":1,"minecraft:yellow_bed":1,"minecraft:spider_eye":3,"minecraft:magma_block":1,"farmersdelight:tomato":2,"minecraft:dark_oak_stairs":1,"minecraft:warped_fungus":1,"minecraft:oak_log":3,"create:crimsite":6,"silentgear:fine_silk":3,"farmersdelight:rice":3,"iceandfire:graveyard_soil":1,"minecraft:cod":3,"minecraft:flint":2,"minecraft:cornflower":1,"minecraft:crimson_roots":1,"botania:green_mystical_flower":2,"farmersdelight:onion":10,"biomesoplenty:redwood_sapling":55,"biomesoplenty:rainbow_birch_sapling":5,"minecraft:cooked_mutton":6,"minecraft:carrot":67,"minecraft:poppy":2,"minecraft:gunpowder":6,"minecraft:arrow":2,"alexsmobs:banana":5,"biomesoplenty:jacaranda_sapling":6,"minecraft:mossy_cobblestone":3,"biomesoplenty:redwood_wood":11,"minecraft:poisonous_potato":1,"silentgear:flax_seeds":1,"mca:book_romance":3,"minecraft:diorite":11,"minecraft:torch":77,"mekanism:raw_uranium":7,"minecraft:zombie_head":1,"tombstone:grave_dust":23,"minecraft:iron_leggings":1,"minecraft:wither_rose":1,"minecraft:iron_axe":1,"minecraft:dandelion":14,"minecraft:redstone":12,"bigreactors:yellorite_ore":4,"minecraft:kelp":2,"alexsmobs:maggot":1,"biomesoplenty:redwood_trapdoor":1,"minecraft:coarse_dirt":8,"minecraft:tuff":14,"minecraft:raw_iron":2,"farmersdelight:cabbage_seeds":10,"minecraft:comparator":4,"minecraft:flint_and_steel":1,"biomesoplenty:fir_planks":8,"silentgear:fluffy_seeds":1,"minecraft:andesite":1,"minecraft:purple_bed":1,"minecraft:oak_sapling":25,"enderio:dark_steel_sword":3,"minecraft:stone_pickaxe":1,"silentgear:fluffy_puff":1},"minecraft:used":{"iceandfire:lectern":3,"farmersdelight:onion_crate":5,"farmersdelight:cabbage_seeds":44,"minecraft:ladder":4,"minecraft:chest":98,"farmersdelight:cabbage":3,"minecraft:rotten_flesh":30,"minecraft:cocoa_beans":2,"minecraft:lava_bucket":8,"minecraft:netherite_shovel":238,"minecraft:black_stained_glass_pane":267,"minecraft:grass_block":2,"farmersdelight:rotten_tomato":3,"minecraft:oak_sapling":193,"minecraft:sweet_berries":94,"minecraft:furnace":17,"minecraft:egg":1,"minecraft:potato":128,"minecraft:diorite":1,"minecraft:damaged_anvil":1,"minecraft:wooden_pickaxe":59,"biomesoplenty:rainbow_birch_sapling":1,"minecraft:golden_apple":1,"minecraft:glow_berries":11,"minecraft:sand":1011,"minecraft:gray_concrete":179,"minecraft:birch_slab":17,"minecraft:nether_wart_block":2,"minecraft:dark_oak_fence":3,"minecraft:smithing_table":1,"minecraft:birch_log":2,"create:limestone":58,"minecraft:enchanting_table":2,"create:veridium":67,"botania:black_mystical_flower":1,"tombstone:fishing_rod_of_misadventure":44,"minecraft:netherrack":105,"minecraft:torch":1150,"minecraft:anvil":2,"silentgear:fluffy_seeds":2,"minecraft:golden_shovel":138,"minecraft:shroomlight":29,"minecraft:iron_axe":3066,"minecraft:iron_block":1,"biomesoplenty:redwood_wood":154,"minecraft:jungle_log":5,"minecraft:barrel":2,"minecraft:bamboo":11,"minecraft:diamond_chestplate":1,"minecraft:beef":1,"minecraft:goat_horn":14,"tombstone:gift":8,"farmersdelight:tomato_seeds":21,"minecraft:cobbled_deepslate":241,"minecraft:golden_axe":33,"minecraft:crimson_stem":1,"minecraft:wheat_seeds":79,"alexsmobs:cooked_catfish":11,"minecraft:water_bucket":123,"minecraft:birch_planks":466,"minecraft:deepslate_bricks":2,"minecraft:salmon":5,"minecraft:mossy_cobblestone":7,"minecraft:crafting_table":36,"minecraft:oak_slab":22,"minecraft:white_bed":17,"minecraft:campfire":1,"minecraft:cod":1,"alexsmobs:leafcutter_ant_pupa":2,"minecraft:oak_log":745,"minecraft:diamond_pickaxe":1019,"minecraft:diamond_shovel":2484,"minecraft:iron_pickaxe":2779,"minecraft:cobblestone":332,"minecraft:cooked_porkchop":54,"minecraft:glass_pane":76,"minecraft:kelp":136,"minecraft:stripped_oak_log":16,"thermal:bamboo_block":2,"minecraft:dandelion":1,"minecraft:moss_carpet":1,"minecraft:purple_candle":2,"minecraft:iron_shovel":2758,"biomesoplenty:magic_fence":321,"minecraft:oak_sign":1,"minecraft:white_concrete_powder":339,"minecraft:iron_sword":257,"minecraft:jungle_planks":1,"minecraft:carrot":844,"minecraft:tuff":61,"biomesoplenty:rainbow_birch_leaves":3,"minecraft:obsidian":11,"minecraft:big_dripleaf":8,"minecraft:glass":2,"farmersdelight:tomato":33,"minecraft:lantern":14,"minecraft:gray_concrete_powder":304,"biomesoplenty:redwood_trapdoor":1,"iceandfire:pixie_jar_empty":3,"alexsmobs:raw_catfish":3,"minecraft:dark_oak_stairs":3,"minecraft:stone_pickaxe":249,"minecraft:gray_carpet":3,"minecraft:oak_planks":2674,"minecraft:sugar_cane":6,"minecraft:diamond_axe":2891,"biomesoplenty:mahogany_door":5,"minecraft:crossbow":2,"biomesoplenty:magic_planks":2,"minecraft:black_bed":20,"enderio:dark_steel_sword":2219,"sophisticatedbackpacks:backpack":4,"minecraft:melon_slice":89,"minecraft:light_gray_concrete":521,"minecraft:bread":86,"minecraft:light_gray_candle":8,"biomesoplenty:mahogany_pressure_plate":4,"minecraft:gravel":25,"minecraft:tropical_fish_bucket":2,"minecraft:white_concrete":377,"minecraft:coarse_dirt":1,"minecraft:bone_meal":160,"minecraft:experience_bottle":1,"minecraft:oak_fence":1,"biomesoplenty:mahogany_planks":259,"bigreactors:yellorite_ore":1,"minecraft:flint_and_steel":250,"biomesoplenty:redwood_planks":36,"minecraft:wooden_shovel":330,"minecraft:dirt":2365,"minecraft:granite":3,"farmersdelight:rope":2,"minecraft:iron_hoe":148,"minecraft:wooden_axe":310,"minecraft:oak_stairs":14,"biomesoplenty:orange_sand":16,"biomesoplenty:orange_sandstone":1,"farmersdelight:cooked_mutton_chops":5,"minecraft:cooked_beef":36,"minecraft:light_gray_bed":1,"minecraft:iron_leggings":2,"minecraft:cooked_mutton":4,"minecraft:baked_potato":66,"absentbydesign:slab_glass":6,"biomesoplenty:mahogany_fence":224,"minecraft:spider_eye":1,"minecraft:light_gray_concrete_powder":397,"biomesoplenty:magic_sapling":19,"tombstone:bag_of_seeds":3,"minecraft:wooden_hoe":51,"minecraft:apple":15,"biomesoplenty:mahogany_sign":41,"minecraft:stone_axe":122,"minecraft:fishing_rod":65,"minecraft:bucket":131,"minecraft:yellow_bed":17,"alexsmobs:animal_dictionary":17},"minecraft:killed_by":{"alexsmobs:cachalot_whale":2,"minecraft:zombie":4,"alexsmobs:grizzly_bear":1,"minecraft:vex":1,"minecraft:warden":1,"iceandfire:ghost":3,"minecraft:creeper":1,"alexsmobs:emu":1,"minecraft:player":2,"minecraft:skeleton":2},"minecraft:mined":{"minecraft:white_bed":17,"iceandfire:copper_pile":2,"thermal:bamboo_block":2,"alexsmobs:leafcutter_anthill":3,"minecraft:jungle_leaves":4,"thermal:tin_ore":8,"minecraft:obsidian":10,"minecraft:granite":70,"minecraft:jungle_log":497,"minecraft:light_gray_bed":1,"minecraft:coal_block":57,"minecraft:deepslate_bricks":2,"biomesoplenty:orange_sandstone":1,"minecraft:oxeye_daisy":61,"botania:light_gray_mystical_flower":5,"minecraft:tall_seagrass":44,"biomesoplenty:tall_lavender":10,"minecraft:magma_block":1,"minecraft:cobbled_deepslate":3,"minecraft:barrel":1,"minecraft:fire":18,"biomesoplenty:lavender":53,"bigreactors:yellorite_ore":11,"minecraft:moss_carpet":1,"minecraft:deepslate_lapis_ore":14,"minecraft:enchanting_table":1,"iceandfire:gold_pile":3,"minecraft:dirt_path":55,"minecraft:oak_stairs":6,"minecraft:light_gray_concrete":410,"minecraft:iron_block":1,"create:veridium":148,"create:limestone":73,"biomesoplenty:jacaranda_leaves":11,"mekanism:osmium_ore":8,"minecraft:kelp_plant":36,"minecraft:crimson_nylium":94,"mekanism:block_salt":11,"minecraft:torch":105,"minecraft:melon":30,"mekanism:tin_ore":1,"farmersdelight:cabbages":34,"minecraft:sugar_cane":5,"minecraft:damaged_anvil":1,"botania:black_mystical_flower":9,"rftoolsbase:dimensionalshard_overworld":11,"biomesoplenty:magic_planks":2,"minecraft:wheat":58,"minecraft:black_bed":19,"minecraft:grass":482,"mekanism:lead_ore":7,"minecraft:deepslate":820,"create:zinc_ore":22,"biomesoplenty:mahogany_fence":316,"iceandfire:silver_ore":1,"minecraft:mossy_cobblestone":8,"minecraft:stripped_birch_log":2,"minecraft:dark_oak_log":112,"minecraft:purple_candle":2,"minecraft:dark_oak_fence":6,"minecraft:jungle_planks":1,"minecraft:crimson_roots":4,"thermal:deepslate_nickel_ore":4,"alexsmobs:leafcutter_ant_chamber":2,"minecraft:kelp":24,"biomesoplenty:dune_grass":3,"silentgear:fluffy_plant":2,"minecraft:white_concrete_powder":3,"minecraft:black_stained_glass_pane":53,"biomesoplenty:jacaranda_log":114,"minecraft:redstone_ore":1,"minecraft:andesite":16,"minecraft:potatoes":77,"biomesoplenty:high_grass":39,"biomesoplenty:rainbow_birch_leaves":8,"minecraft:vine":43,"minecraft:bamboo_sapling":1,"minecraft:bamboo":6,"minecraft:smithing_table":1,"minecraft:oak_slab":9,"biomesoplenty:redwood_planks":1,"botania:lime_mystical_flower":2,"minecraft:gray_concrete":337,"minecraft:glass_pane":89,"minecraft:comparator":1,"minecraft:lily_of_the_valley":24,"minecraft:dandelion":7,"silentgear:wild_fluffy_plant":3,"minecraft:light_gray_concrete_powder":13,"biomesoplenty:fir_planks":4,"biomesoplenty:mahogany_planks":73,"minecraft:campfire":1,"biomesoplenty:high_grass_plant":69,"minecraft:copper_ore":24,"minecraft:tall_grass":73,"minecraft:deepslate_gold_ore":68,"minecraft:diorite":28,"minecraft:big_dripleaf":2,"minecraft:coarse_dirt":4,"iceandfire:silver_pile":3,"minecraft:gravel":481,"mekanism:deepslate_fluorite_ore":9,"biomesoplenty:stripped_redwood_wood":2,"botania:gray_mystical_flower":19,"minecraft:cobweb":59,"mekanism:deepslate_uranium_ore":20,"minecraft:gold_ore":3,"thermal:deepslate_sulfur_ore":20,"minecraft:fern":512,"create:deepslate_zinc_ore":6,"minecraft:farmland":14,"minecraft:oak_sapling":12,"thermal:sulfur_ore":11,"minecraft:sculk_vein":5,"biomesoplenty:mahogany_door":5,"minecraft:grass_block":1842,"iceandfire:lectern":3,"minecraft:white_concrete":429,"biomesoplenty:mahogany_pressure_plate":4,"minecraft:smooth_stone":1,"minecraft:glowstone":3,"biomesoplenty:orange_cosmos":2,"minecraft:iron_ore":156,"minecraft:anvil":1,"silentgear:deepslate_bort_ore":4,"minecraft:azure_bluet":30,"minecraft:dark_oak_stairs":4,"create:asurine":2,"minecraft:skeleton_wall_skull":1,"minecraft:deepslate_redstone_ore":4,"minecraft:blackstone":1,"minecraft:clay":59,"minecraft:calcite":18,"minecraft:poppy":2,"minecraft:chest":62,"minecraft:cobblestone":48,"minecraft:oak_planks":332,"minecraft:wall_torch":124,"minecraft:seagrass":33,"minecraft:light_gray_candle":3,"minecraft:nether_wart_block":7,"mekanism:fluorite_ore":4,"minecraft:birch_log":219,"minecraft:stripped_oak_wood":2,"minecraft:light_gray_wool":1,"biomesoplenty:fir_log":227,"minecraft:smooth_stone_slab":4,"mekanism:deepslate_tin_ore":4,"minecraft:oak_log":1375,"absentbydesign:slab_glass":3,"botania:gray_double_flower":1,"minecraft:sand":2527,"minecraft:dirt":1048,"thermal:nickel_ore":8,"minecraft:netherrack":24,"create:crimsite":6,"minecraft:oak_leaves":126,"minecraft:redstone_lamp":1,"minecraft:tuff":77,"minecraft:red_carpet":1,"silentgear:wild_flax_plant":1,"minecraft:candle":1,"minecraft:deepslate_diamond_ore":11,"biomesoplenty:magic_sapling":3,"mekanism:deepslate_osmium_ore":2,"minecraft:ladder":4,"minecraft:weeping_vines":1,"create:ochrum":1,"farmersdelight:tomatoes":7,"minecraft:birch_slab":5,"biomesoplenty:redwood_trapdoor":1,"minecraft:crimson_stem":1,"minecraft:large_fern":6,"minecraft:hay_block":7,"minecraft:furnace":9,"minecraft:carrots":182,"biomesoplenty:toadstool":2,"minecraft:stripped_spruce_log":1,"minecraft:gold_block":2,"biomesoplenty:magic_log":235,"biomesoplenty:sea_oats":14,"farmersdelight:rope":2,"minecraft:bookshelf":15,"minecraft:shroomlight":29,"minecraft:deepslate_iron_ore":108,"minecraft:lantern":25,"minecraft:stripped_oak_log":21,"minecraft:stripped_jungle_log":3,"minecraft:stone":599,"sophisticatedbackpacks:backpack":4,"iceandfire:pixie_jar_empty":4,"mekanism:deepslate_lead_ore":1,"biomesoplenty:orange_sand":110,"minecraft:stripped_dark_oak_log":1,"minecraft:basalt":5,"minecraft:oak_fence":1,"biomesoplenty:mahogany_wall_sign":7,"minecraft:crafting_table":27,"minecraft:rose_bush":1,"biomesoplenty:stripped_jacaranda_log":1,"farmersdelight:onion_crate":2,"minecraft:lapis_ore":14,"biomesoplenty:sprout":4,"biomesoplenty:huge_clover_petal":1,"biomesoplenty:magic_fence":99,"minecraft:lily_pad":2,"minecraft:sculk":39,"minecraft:birch_planks":25,"botania:red_double_flower":1,"biomesoplenty:mahogany_log":686,"minecraft:sweet_berry_bush":45,"biomesoplenty:pink_daffodil":21,"minecraft:yellow_bed":17,"minecraft:black_wool":1,"minecraft:coal_ore":101,"minecraft:cocoa":4,"biomesoplenty:redwood_leaves":21,"biomesoplenty:fir_leaves":1,"minecraft:gray_carpet":3,"minecraft:polished_andesite":4,"biomesoplenty:redwood_wood":525}},"DataVersion":3465}