{"stats":{"minecraft:killed_by":{"minecraft:creeper":1,"thermal:blitz":1},"minecraft:used":{"alexsmobs:emu_egg":1,"iceandfire:tide_trident":7,"farmersdelight:cabbage_seeds":9,"iceandfire:dragon_skull_ice":3,"minecraft:chest":1,"minecraft:shield":6,"minecraft:stone_hoe":22,"minecraft:iron_chestplate":1,"minecraft:torch":75,"minecraft:dirt":62,"alexsmobs:cooked_kangaroo_meat":2,"minecraft:carrot":37,"minecraft:tuff":4,"farmersdelight:tomato":4,"alexsmobs:cooked_lobster_tail":4,"tombstone:gift":3,"minecraft:skeleton_skull":1,"minecraft:cobbled_deepslate":207,"minecraft:potato":41,"minecraft:cooked_beef":44,"minecraft:wheat_seeds":7,"alexsmobs:cooked_catfish":1,"minecraft:diorite":1,"minecraft:damaged_anvil":1,"alexsdelight:raw_bison":1,"mekanism:electric_bow":38,"biomesoplenty:mahogany_fence":105,"minecraft:crafting_table":1,"minecraft:crossbow":4,"enderio:dark_steel_sword":423,"tombstone:bag_of_seeds":1,"minecraft:diamond_pickaxe":348,"minecraft:bread":21,"minecraft:iron_pickaxe":498,"minecraft:cobblestone":20,"minecraft:purple_bed":4,"iceandfire:dragon_skull_fire":3,"minecraft:smithing_table":1,"minecraft:andesite":7,"iceandfire:lectern":1},"minecraft:custom":{"minecraft:interact_with_smithing_table":1,"lootr:looted_stat":11,"minecraft:interact_with_anvil":1,"minecraft:mob_kills":120,"minecraft:interact_with_crafting_table":14,"minecraft:open_barrel":2,"minecraft:damage_dealt_resisted":146,"minecraft:leave_game":1,"minecraft:time_since_death":185732,"minecraft:climb_one_cm":2793,"minecraft:sprint_one_cm":642346,"minecraft:walk_one_cm":538853,"minecraft:damage_blocked_by_shield":645,"minecraft:drop":53,"minecraft:damage_dealt_absorbed":160,"minecraft:play_time":227721,"minecraft:deaths":2,"minecraft:sneak_time":7912,"minecraft:walk_under_water_one_cm":74328,"minecraft:jump":3538,"minecraft:walk_on_water_one_cm":80926,"minecraft:total_world_time":227721,"minecraft:interact_with_furnace":95,"tombstone:raider_killed":1,"minecraft:sleep_in_bed":3,"minecraft:time_since_rest":146735,"minecraft:damage_taken":5659,"minecraft:damage_dealt":20598,"minecraft:swim_one_cm":201617,"minecraft:fly_one_cm":654724,"minecraft:open_chest":239,"minecraft:crouch_one_cm":19010,"tombstone:undead_killed":42,"minecraft:fall_one_cm":85889},"minecraft:killed":{"minecraft:cave_spider":5,"alexsmobs:lobster":16,"minecraft:spider":12,"alexsmobs:seagull":1,"alexsmobs:rattlesnake":3,"minecraft:phantom":1,"minecraft:skeleton":17,"iceandfire:siren":2,"alexsmobs:leafcutter_ant":2,"alexsmobs:bison":6,"alexsmobs:kangaroo":7,"thermal:blitz":3,"minecraft:husk":2,"minecraft:salmon":2,"alexsmobs:seal":1,"minecraft:creeper":3,"alexsmobs:emu":2,"alexsmobs:catfish":3,"alexsmobs:crocodile":1,"alexsmobs:cockroach":2,"minecraft:zombie":22,"alexsmobs:fly":1,"minecraft:glow_squid":1,"iceandfire:sea_serpent":1,"minecraft:cow":1},"minecraft:picked_up":{"minecraft:wheat":7,"minecraft:prismarine_shard":4,"minecraft:smithing_table":1,"thermal:raw_silver":8,"mekanism:raw_uranium":35,"thermal:cinnabar":3,"minecraft:gold_block":1,"minecraft:potion":1,"enderio:broken_spawner":3,"alexsmobs:gazelle_horn":1,"minecraft:cornflower":1,"minecraft:amethyst_block":15,"mekanismtools:refined_obsidian_chestplate":1,"iceandfire:manuscript":12,"minecraft:raw_copper":5,"silentgear:sinew":1,"minecraft:string":56,"create:limestone":2,"thermal:raw_nickel":8,"minecraft:iron_leggings":1,"minecraft:zombie_head":2,"thermal:sulfur":3,"alexsmobs:emu_feather":1,"minecraft:cobbled_deepslate":235,"farmersdelight:cabbage":9,"minecraft:beef":2,"minecraft:rose_bush":1,"minecraft:poppy":1,"minecraft:calcite":1,"thermal:niter":14,"minecraft:iron_pickaxe":1,"minecraft:coal_block":53,"farmersdelight:cabbage_seeds":23,"minecraft:iron_boots":1,"minecraft:golden_helmet":1,"minecraft:stick":4,"minecraft:raw_iron":65,"iceandfire:dragonbone":23,"mekanism:electric_bow":2,"minecraft:jukebox":1,"minecraft:oak_fence":1,"thermal:raw_lead":8,"minecraft:torch":85,"farmersdelight:tomato_seeds":16,"tombstone:grave_dust":6,"minecraft:diorite":15,"minecraft:carrot":124,"biomesoplenty:mahogany_fence":5,"minecraft:redstone":36,"minecraft:prismarine_crystals":7,"mekanism:raw_tin":11,"alexsmobs:crocodile_scute":1,"iceandfire:dragon_skull_ice":4,"minecraft:arrow":77,"minecraft:rotten_flesh":28,"minecraft:peony":6,"create:ochrum":2,"minecraft:saddle":1,"sophisticatedbackpacks:copper_backpack":1,"alexsdelight:raw_bison":27,"alexsmobs:emu_egg":3,"bigreactors:yellorite_ore":12,"minecraft:mutton":1,"minecraft:cod":1,"minecraft:rail":3,"minecraft:skeleton_skull":1,"alexsmobs:kangaroo_meat":12,"alexsmobs:lobster_tail":8,"minecraft:cobblestone":140,"minecraft:oxeye_daisy":2,"iceandfire:sea_serpent_fang":22,"minecraft:basalt":3,"minecraft:feather":3,"minecraft:cooked_beef":29,"farmersdelight:rice":2,"minecraft:salmon":2,"minecraft:andesite":28,"minecraft:potato":84,"alexsmobs:bison_fur":6,"minecraft:tuff":6,"create:raw_zinc":2,"minecraft:lily_pad":1,"iceandfire:ectoplasm":2,"minecraft:gunpowder":4,"farmersdelight:tomato":21,"minecraft:dirt":39,"minecraft:glass":3,"minecraft:bone":8,"minecraft:kelp":31,"minecraft:apple":1,"minecraft:bow":1,"minecraft:wheat_seeds":31,"alexsmobs:cockroach_wing_fragment":1,"minecraft:raw_gold":41,"enderio:dark_steel_sword":2,"tombstone:bag_of_seeds":2,"botania:gray_mystical_flower":1,"iceandfire:sea_serpent_scales_deepblue":36,"minecraft:oak_planks":9,"thermal:raw_tin":8,"thermal:blitz_rod":2,"botania:gray_double_flower":1,"minecraft:dandelion":1,"iceandfire:shiny_scales":7,"alexsmobs:crocodile_egg":1,"minecraft:dripstone_block":19,"iceandfire:dragon_skull_fire":3,"minecraft:amethyst_shard":18,"minecraft:spruce_sapling":6,"sophisticatedbackpacks:iron_backpack":1,"silentgear:bort":2,"minecraft:spruce_log":6,"iceandfire:sea_serpent_scales_red":6,"minecraft:spider_eye":2,"mekanism:raw_osmium":11,"minecraft:mossy_cobblestone":1,"minecraft:bundle":1,"alexsmobs:raw_catfish":4,"alexsmobs:kangaroo_hide":6,"iceandfire:lectern":1,"minecraft:purple_bed":4,"minecraft:diamond":39,"minecraft:iron_helmet":1,"alexsmobs:rattlesnake_rattle":3,"mekanism:fluorite_gem":18,"minecraft:granite":22,"alexsmobs:tarantula_hawk_wing_fragment":1,"minecraft:oak_leaves":1,"minecraft:damaged_anvil":1,"minecraft:coal":1,"iceandfire:raw_silver":2},"minecraft:broken":{"minecraft:iron_pickaxe":1,"minecraft:iron_helmet":1},"minecraft:mined":{"thermal:deepslate_tin_ore":2,"create:zinc_ore":1,"biomesoplenty:mahogany_fence":5,"minecraft:large_amethyst_bud":1,"create:deepslate_zinc_ore":1,"minecraft:tuff":6,"thermal:cinnabar_ore":2,"minecraft:mossy_cobblestone":1,"minecraft:deepslate_diamond_ore":39,"biomesoplenty:desert_grass":2,"thermal:tin_ore":6,"mekanism:deepslate_osmium_ore":1,"minecraft:budding_amethyst":3,"minecraft:granite":22,"minecraft:grass_block":4,"create:ochrum":3,"iceandfire:lectern":1,"iceandfire:deepslate_silver_ore":2,"minecraft:coal_block":58,"minecraft:kelp":2,"biomesoplenty:dune_grass":5,"minecraft:spawner":3,"minecraft:tall_seagrass":1,"minecraft:carrots":25,"farmersdelight:wild_rice":1,"minecraft:iron_ore":32,"minecraft:cobbled_deepslate":6,"bigreactors:yellorite_ore":13,"minecraft:andesite":28,"silentgear:deepslate_bort_ore":2,"minecraft:gold_block":1,"minecraft:potatoes":33,"minecraft:deepslate_iron_ore":33,"minecraft:rail":2,"minecraft:packed_ice":1,"minecraft:stone":151,"minecraft:smithing_table":1,"minecraft:deepslate_redstone_ore":8,"mekanism:osmium_ore":12,"minecraft:kelp_plant":8,"minecraft:medium_amethyst_bud":1,"minecraft:amethyst_cluster":3,"minecraft:basalt":2,"minecraft:cornflower":1,"minecraft:torch":2,"minecraft:calcite":1,"minecraft:dead_bush":2,"minecraft:rose_bush":1,"mekanism:tin_ore":11,"biomesoplenty:huge_clover_petal":4,"farmersdelight:cabbages":9,"biomesoplenty:sprout":1,"minecraft:tall_grass":4,"minecraft:cobblestone":2,"thermal:deepslate_lead_ore":8,"minecraft:damaged_anvil":1,"minecraft:deepslate_gold_ore":41,"farmersdelight:wild_tomatoes":16,"minecraft:lily_pad":1,"minecraft:oak_planks":6,"minecraft:sugar_cane":1,"minecraft:diorite":17,"minecraft:wall_torch":1,"minecraft:amethyst_block":15,"minecraft:deepslate_copper_ore":2,"minecraft:purple_bed":3,"mekanism:fluorite_ore":3,"minecraft:wheat":9,"minecraft:jukebox":1,"minecraft:spruce_log":6,"thermal:deepslate_silver_ore":4,"biomesoplenty:clover":4,"thermal:niter_ore":4,"minecraft:grass":30,"thermal:silver_ore":4,"minecraft:coal_ore":1,"botania:gray_double_flower":1,"mekanism:deepslate_fluorite_ore":3,"minecraft:dripstone_block":19,"minecraft:dirt":17,"minecraft:cobweb":36,"thermal:nickel_ore":8,"mekanism:deepslate_uranium_ore":22,"thermal:deepslate_sulfur_ore":1,"minecraft:oak_leaves":6,"minecraft:deepslate":223,"minecraft:fern":12},"minecraft:dropped":{"minecraft:wheat_seeds":11,"minecraft:golden_helmet":1,"minecraft:mossy_cobblestone":1,"minecraft:feather":2,"minecraft:oak_fence":1,"minecraft:cobblestone":5,"mekanism:electric_bow":2,"minecraft:stick":1,"minecraft:dirt":2,"tombstone:bag_of_seeds":1,"minecraft:diorite":14,"minecraft:cornflower":1,"minecraft:rose_bush":1,"minecraft:potion":1,"minecraft:iron_pickaxe":1,"botania:gray_double_flower":1,"minecraft:string":8,"minecraft:spruce_sapling":6,"bigreactors:yellorite_ore":4,"minecraft:kelp":2,"minecraft:cobbled_deepslate":28,"minecraft:rotten_flesh":17,"alexsmobs:emu_egg":2,"minecraft:carrot":1,"create:limestone":2,"enderio:dark_steel_sword":2,"minecraft:spider_eye":1,"minecraft:basalt":3,"minecraft:bow":1,"minecraft:calcite":1},"minecraft:crafted":{"biomesoplenty:mahogany_fence":87,"minecraft:oak_planks":8,"minecraft:coal":477,"iceandfire:tide_deepblue_chestplate":1,"mekanism:ingot_uranium":9,"minecraft:chest":1,"alexsmobs:cooked_catfish":4,"iceandfire:tide_deepblue_helmet":1,"minecraft:stone_hoe":1,"mekanism:energy_tablet":1,"minecraft:cooked_beef":15,"minecraft:glass_bottle":3,"mekanism:ingot_tin":20,"iceandfire:silver_ingot":2,"alexsmobs:cooked_lobster_tail":4,"minecraft:crafting_table":1,"iceandfire:tide_trident":1,"alexsmobs:cooked_kangaroo_meat":17,"minecraft:copper_ingot":21,"iceandfire:tide_deepblue_leggings":1,"mekanism:electric_bow":1,"minecraft:air":0,"iceandfire:bestiary":1,"minecraft:diamond_pickaxe":1,"minecraft:shield":1,"minecraft:stick":84,"minecraft:iron_ingot":83,"minecraft:iron_pickaxe":1,"minecraft:gold_ingot":53,"bigreactors:yellorium_ingot":4,"iceandfire:tide_deepblue_boots":1}},"DataVersion":3465}