{"stats":{"minecraft:killed_by":{"guardvillagers:guard":1},"minecraft:custom":{"lootr:looted_stat":44,"minecraft:interact_with_crafting_table":139,"minecraft:bell_ring":30,"minecraft:leave_game":10,"minecraft:time_since_death":530692,"minecraft:sprint_one_cm":1727497,"minecraft:drop":112,"minecraft:talked_to_villager":2,"minecraft:play_time":950000,"minecraft:deaths":2,"minecraft:jump":8241,"minecraft:walk_on_water_one_cm":73864,"minecraft:enchant_item":4,"minecraft:interact_with_furnace":124,"minecraft:sleep_in_bed":24,"minecraft:damage_dealt":58899,"minecraft:player_kills":1,"minecraft:crouch_one_cm":19831,"tombstone:undead_killed":230,"minecraft:interact_with_anvil":6,"minecraft:mob_kills":322,"minecraft:inspect_hopper":31,"minecraft:climb_one_cm":1421,"minecraft:walk_one_cm":2257916,"minecraft:damage_dealt_absorbed":200,"minecraft:sneak_time":9419,"minecraft:walk_under_water_one_cm":23987,"minecraft:boat_one_cm":119854,"minecraft:interact_with_blast_furnace":3,"minecraft:total_world_time":950000,"minecraft:interact_with_stonecutter":2,"minecraft:time_since_rest":49773,"minecraft:damage_taken":5558,"minecraft:trigger_trapped_chest":1,"minecraft:swim_one_cm":49099,"minecraft:fly_one_cm":1331353,"minecraft:open_chest":860,"minecraft:fall_one_cm":143941},"minecraft:dropped":{"sophisticatedbackpacks:iron_backpack":2,"mekanismtools:refined_obsidian_pickaxe":1,"minecraft:cooked_beef":1,"minecraft:ender_pearl":1,"enderio:loot_capacitor":1,"minecraft:cooked_porkchop":1,"minecraft:crossbow":2,"minecraft:leather":12,"iceandfire:ectoplasm":3,"create:crimsite":1,"minecraft:polished_blackstone_brick_wall":2,"minecraft:dirt":5,"minecraft:gravel":1,"minecraft:blackstone":2,"easy_emerald:amethyst_pickaxe":2,"minecraft:cobbled_deepslate":141,"minecraft:birch_sapling":2,"minecraft:obsidian":5,"minecraft:rotten_flesh":8,"aether:leather_gloves":1,"minecraft:oak_planks":21,"minecraft:cooked_mutton":1,"minecraft:white_bed":2,"sophisticatedbackpacks:diamond_backpack":1,"easy_emerald:amethyst_sword":3,"minecraft:chest":1,"create:limestone":4,"minecraft:arrow":8,"minecraft:iron_ingot":10,"minecraft:wheat_seeds":2,"botania:gray_mystical_flower":3,"minecraft:cobblestone":686,"minecraft:apple":1,"minecraft:granite":7,"minecraft:coal":3,"minecraft:diorite":22,"tombstone:grave_key":1,"refinedstorage:external_storage":1,"minecraft:polished_blackstone_brick_slab":1,"minecraft:polished_basalt":1,"minecraft:string":1,"minecraft:bucket":3,"tombstone:voodoo_poppet":1,"minecraft:dandelion":1,"minecraft:nether_wart":4,"minecraft:tuff":5,"farmersdelight:cabbage_seeds":10,"minecraft:chicken":1,"sophisticatedbackpacks:backpack":2,"biomesoplenty:fir_planks":1,"silentgear:fluffy_seeds":1,"botania:lexicon":1,"minecraft:andesite":20,"minecraft:oak_sapling":2,"easy_emerald:diamond_hammer":1,"minecraft:stone_pickaxe":1,"mekanism:ingot_steel":4,"silentgear:fluffy_puff":1,"minecraft:calcite":5},"minecraft:killed":{"guardvillagers:guard":1,"minecraft:cave_spider":5,"minecraft:spider":7,"minecraft:skeleton":15,"alexsmobs:leafcutter_ant":2,"minecraft:chicken":2,"minecraft:cat":1,"minecraft:piglin":2,"minecraft:creeper":6,"alexsmobs:crimson_mosquito":3,"minecraft:sheep":9,"minecraft:zombie":233,"alexsmobs:terrapin":2,"alexsmobs:fly":2,"minecraft:glow_squid":1,"minecraft:blaze":2,"minecraft:cow":8,"mca:female_zombie_villager":1,"alexsmobs:raccoon":1,"minecraft:hoglin":2,"minecraft:squid":6,"iceandfire:ghost":3,"alexsmobs:crow":2,"minecraft:enderman":1},"minecraft:picked_up":{"minecraft:wheat":17,"minecraft:redstone_block":48,"minecraft:anvil":1,"mekanism:raw_uranium":155,"silentgear:fluffy_puff":1,"bigreactors:graphite_ingot":437,"botania:blue_mushroom":2,"botania:black_double_flower":1,"minecraft:enchanted_book":3,"easy_emerald:diamond_hammer":3,"minecraft:wither_rose":1,"minecraft:potion":2,"minecraft:gilded_blackstone":5,"tombstone:grave_key":2,"silentgear:fluffy_seeds":2,"thermal:basalz_rod":1,"minecraft:amethyst_block":183,"minecraft:polished_blackstone_brick_stairs":6,"minecraft:lapis_block":99,"iceandfire:manuscript":12,"minecraft:polished_deepslate":128,"minecraft:music_disc_cat":1,"silentgear:sinew":31,"minecraft:string":251,"thermal:tin_ingot":23,"mekanismgenerators:heat_generator":1,"minecraft:raw_copper":259,"create:limestone":1364,"biomesoplenty:yellow_autumn_sapling":9,"minecraft:oak_sign":1,"thermal:sulfur":317,"alexsmobs:blood_sac":2,"minecraft:activator_rail":1,"farmersdelight:cabbage":4,"minecraft:gold_nugget":71,"minecraft:cobbled_deepslate":2409,"minecraft:comparator":2,"minecraft:bucket":3,"silentgear:guide_book":1,"minecraft:calcite":11,"minecraft:iron_pickaxe":1,"minecraft:melon_slice":5,"minecraft:coal_block":16,"mekanism:logistical_sorter":5,"farmersdelight:cabbage_seeds":67,"minecraft:iron_boots":1,"mekanism:basic_logistical_transporter":34,"botania:lexicon":2,"minecraft:polished_blackstone_brick_slab":1,"minecraft:stick":23,"ironchest:crystal_chest":6,"minecraft:torch":63,"thermal:raw_lead":55,"minecraft:acacia_log":4,"minecraft:porkchop":4,"tombstone:grave_dust":13,"minecraft:diorite":96,"alexsmobs:centipede_leg":7,"mekanism:raw_tin":245,"minecraft:goat_horn":2,"ae2:sky_stone_block":117,"pipez:wrench":1,"botania:manasteel_ingot":9,"minecraft:stone_sword":1,"minecraft:rotten_flesh":336,"create:scoria":11,"farmersdelight:tree_bark":63,"farmersdelight:onion":9,"minecraft:polished_basalt":1,"minecraft:iron_block":55,"alexsdelight:raw_bison":12,"farmersdelight:rope":57,"thermal:slag":15,"mekanism:ingot_osmium":53,"botania:blue_double_flower":1,"minecraft:blaze_rod":8,"refinedstorage:processor_binding":5,"minecraft:obsidian":114,"minecraft:cod":11,"alexsmobs:lobster_tail":6,"minecraft:cobblestone":1370,"minecraft:birch_log":18,"enderio:loot_capacitor":1,"thermal:energy_duct":11,"minecraft:feather":9,"minecraft:cooked_beef":35,"farmersdelight:rice":4,"minecraft:andesite":78,"enderio:grains_of_infinity":18,"easy_emerald:amethyst_sword":3,"minecraft:copper_block":55,"compressium:stone_1":260,"minecraft:potato":41,"biomesoplenty:fir_sapling":2,"biomesoplenty:fir_log":33,"minecraft:flint":4,"minecraft:tuff":42,"create:raw_zinc":219,"cookingforblockheads:recipe_book":1,"minecraft:acacia_boat":3,"refinedstorage:improved_processor":3,"ae2:damaged_budding_quartz":3,"minecraft:lapis_lazuli":332,"minecraft:dirt":156,"minecraft:name_tag":3,"minecraft:glass":5,"minecraft:bone":280,"minecraft:acacia_planks":3,"minecraft:wheat_seeds":160,"ae2:logic_processor_press":1,"minecraft:bamboo":8,"minecraft:glowstone_dust":4,"enderio:dark_steel_ingot":12,"minecraft:oak_planks":27,"botania:gray_mystical_flower":7,"pipez:filter_destination_tool":1,"silentgear:fine_silk":1,"thermal:raw_tin":43,"mekanism:metallurgic_infuser":2,"botania:gray_double_flower":1,"minecraft:cooked_porkchop":7,"minecraft:music_disc_13":2,"patchouli:guide_book":1,"ae2:certus_quartz_crystal":4,"netheritehorsearmor:emerald_horse_armor":1,"iceandfire:shiny_scales":2,"thermal:servo_attachment":2,"sophisticatedbackpacks:iron_backpack":5,"minecraft:ink_sac":13,"minecraft:grass_block":6,"ae2:quartz_block":4,"alexsmobs:animal_dictionary":2,"minecraft:dark_oak_log":7,"minecraft:barrel":6,"minecraft:bundle":1,"create:crimsite":2,"minecraft:sugar":4,"minecraft:deepslate":2224,"minecraft:diamond":108,"ae2:chipped_budding_quartz":2,"beyond_earth:tiny_model_modifier":1,"minecraft:cracked_polished_blackstone_bricks":2,"minecraft:crossbow":4,"minecraft:granite":83,"minecraft:bone_meal":10,"minecraft:golden_apple":1,"minecraft:emerald":202,"minecraft:bread":48,"alexsmobs:maggot":3,"minecraft:oak_sapling":84,"minecraft:netherrack":346,"iceandfire:raw_silver":40,"minecraft:chicken":3,"minecraft:nether_wart":8,"thermal:raw_silver":48,"thermal:cinnabar":35,"minecraft:gold_block":23,"biomesoplenty:jacaranda_sapling":1,"ae2:silicon_press":1,"mekanism:ingot_refined_obsidian":9,"thermal:nickel_ingot":47,"aether:leather_gloves":2,"minecraft:flint_and_steel":1,"thermal:silver_ingot":71,"thermal:raw_nickel":30,"pipez:advanced_upgrade":7,"mekanism:ingot_uranium":357,"minecraft:blackstone":2,"minecraft:glass_pane":31,"iceandfire:graveyard_soil":2,"iceandfire:bestiary":1,"minecraft:beef":143,"thermal:niter":278,"minecraft:iron_nugget":23,"minecraft:light_gray_wool":3,"minecraft:lectern":1,"refinedstorage:external_storage":1,"minecraft:sugar_cane":100,"minecraft:chest":24,"minecraft:birch_sapling":4,"mekanismtools:refined_obsidian_pickaxe":1,"minecraft:egg":1,"refinedstorage:silicon":58,"iceandfire:dragonbone":1,"easy_emerald:amethyst_pickaxe":4,"minecraft:raw_iron":115,"minecraft:stone":78,"iceandfire:troll_tusk":1,"minecraft:copper_ingot":16,"pipez:item_pipe":30,"sophisticatedbackpacks:backpack":2,"minecraft:polished_blackstone_bricks":8,"farmersdelight:tomato_seeds":40,"minecraft:stone_button":1,"mekanism:basic_energy_cube":2,"minecraft:carrot":5,"minecraft:redstone":256,"alexsmobs:leafcutter_ant_pupa":1,"create:zinc_ingot":317,"botania:black_lotus":1,"iceandfire:silver_ingot":33,"minecraft:arrow":29,"minecraft:diamond_chestplate":1,"minecraft:stone_shovel":1,"botania:lime_mystical_flower":2,"biomesoplenty:jacaranda_log":6,"minecraft:beetroot_seeds":13,"ae2:certus_quartz_dust":1,"minecraft:hay_block":5,"tombstone:essence_of_undeath":1,"minecraft:gold_ingot":95,"minecraft:saddle":5,"sophisticatedbackpacks:copper_backpack":4,"ae2:calculation_processor_press":1,"mekanism:ingot_lead":249,"bigreactors:yellorite_ore":187,"botania:green_mystical_flower":4,"minecraft:mutton":35,"minecraft:white_wool":12,"minecraft:skeleton_skull":1,"minecraft:rail":81,"minecraft:stripped_oak_log":63,"minecraft:air":0,"mekanism:raw_lead":61,"minecraft:salmon":8,"minecraft:leather":298,"silentgear:blueprint_package":1,"minecraft:crimson_fungus":2,"minecraft:oak_log":116,"iceandfire:ectoplasm":9,"minecraft:golden_boots":2,"minecraft:nether_wart_block":4,"minecraft:gunpowder":145,"farmersdelight:skillet":1,"mca:book_romance":2,"tombstone:voodoo_poppet":1,"alexsmobs:mosquito_proboscis":3,"minecraft:paper":23,"tombstone:gift":1,"botania:black_mystical_flower":4,"minecraft:cooked_mutton":4,"mekanism:salt":68,"rftoolsbase:dimensionalshard":65,"minecraft:apple":44,"enderio:wood_gear":5,"minecraft:iron_ingot":127,"minecraft:stone_pickaxe":1,"refinedstorage:cable":7,"tombstone:bag_of_seeds":5,"minecraft:iron_sword":1,"minecraft:acacia_sapling":11,"minecraft:soul_sand":14,"sophisticatedbackpacks:diamond_backpack":1,"minecraft:book":1,"bigreactors:yellorium_ingot":148,"mekanism:ingot_steel":9,"minecraft:smooth_basalt":13,"minecraft:nether_quartz_ore":70,"minecraft:sweet_berries":12,"minecraft:quartz":35,"minecraft:dandelion":3,"minecraft:gravel":12,"minecraft:lava_bucket":3,"mekanism:ingot_tin":284,"minecraft:amethyst_shard":152,"minecraft:white_bed":6,"botania:lime_mushroom":1,"mekanism:nugget_tin":7,"silentgear:bort":30,"mekanism:raw_osmium":64,"minecraft:spider_eye":174,"minecraft:leather_helmet":1,"minecraft:pumpkin_seeds":3,"minecraft:coal_ore":6,"compressium:cobblestone_1":53,"mekanism:fluorite_gem":375,"minecraft:gray_wool":3,"chunkloaders:basic_chunk_loader":1,"minecraft:polished_blackstone_brick_wall":2,"ae2:engineering_processor_press":1,"tombstone:magic_scroll":7,"minecraft:black_wool":8,"minecraft:coal":145,"minecraft:ender_pearl":16},"minecraft:mined":{"minecraft:large_amethyst_bud":5,"create:deepslate_zinc_ore":3,"minecraft:white_bed":4,"iceandfire:graveyard_soil":1,"thermal:sulfur_ore":13,"minecraft:obsidian":3,"thermal:tin_ore":4,"minecraft:granite":79,"minecraft:budding_amethyst":4,"minecraft:acacia_log":3,"minecraft:grass_block":8,"minecraft:cracked_polished_blackstone_bricks":1,"botania:black_double_flower":1,"minecraft:polished_blackstone_brick_slab":1,"minecraft:crimson_fungus":1,"minecraft:oak_wall_sign":1,"minecraft:nether_wart":2,"minecraft:gilded_blackstone":1,"minecraft:weeping_vines_plant":1,"minecraft:polished_blackstone_bricks":3,"ironchest:crystal_chest":4,"minecraft:fire":11,"minecraft:iron_ore":90,"minecraft:cobbled_deepslate":1,"bigreactors:yellorite_ore":10,"minecraft:anvil":1,"minecraft:deepslate_lapis_ore":2,"silentgear:deepslate_bort_ore":1,"mekanism:basic_logistical_transporter":18,"minecraft:small_amethyst_bud":1,"create:limestone":1275,"botania:green_mystical_flower":3,"minecraft:deepslate_redstone_ore":6,"mekanism:osmium_ore":15,"lootr:lootr_chest":2,"minecraft:blackstone":2,"minecraft:medium_amethyst_bud":4,"minecraft:crimson_nylium":9,"minecraft:amethyst_cluster":20,"thermal:lead_ore":13,"minecraft:torch":4,"minecraft:calcite":13,"minecraft:chest":20,"mekanism:tin_ore":61,"farmersdelight:cabbages":4,"minecraft:nether_quartz_ore":31,"minecraft:cobblestone":19,"thermal:energy_duct":7,"minecraft:sugar_cane":45,"botania:black_mystical_flower":4,"botania:blue_double_flower":1,"minecraft:wall_torch":15,"minecraft:amethyst_block":17,"botania:blue_mushroom":1,"minecraft:nether_wart_block":5,"mekanism:fluorite_ore":6,"minecraft:warped_fungus":1,"minecraft:wither_rose":1,"thermal:niter_ore":11,"minecraft:grass":55,"mekanism:deepslate_tin_ore":3,"minecraft:oak_log":53,"mekanism:lead_ore":11,"botania:gray_double_flower":1,"minecraft:dirt":77,"thermal:nickel_ore":11,"minecraft:smooth_basalt":4,"minecraft:netherrack":254,"create:crimsite":2,"minecraft:oak_leaves":15,"minecraft:deepslate":503,"create:zinc_ore":8,"minecraft:nether_gold_ore":3,"minecraft:tuff":44,"iceandfire:silver_ore":7,"minecraft:deepslate_diamond_ore":5,"mekanism:deepslate_osmium_ore":2,"minecraft:glow_lichen":2,"mekanismgenerators:heat_generator":1,"botania:brown_double_flower":1,"refinedstorage:cable":7,"minecraft:hay_block":5,"minecraft:redstone_ore":4,"minecraft:polished_basalt":1,"minecraft:andesite":57,"minecraft:gold_block":8,"minecraft:vine":1,"mekanism:logistical_sorter":3,"minecraft:stone":657,"botania:lime_mystical_flower":2,"minecraft:soul_sand":7,"mekanism:basic_energy_cube":2,"minecraft:dandelion":2,"minecraft:polished_blackstone_brick_wall":3,"pipez:item_pipe":14,"minecraft:oak_fence":2,"silentgear:wild_fluffy_plant":1,"minecraft:crafting_table":1,"rftoolsbase:dimensionalshard_nether":5,"minecraft:copper_ore":38,"minecraft:tall_grass":11,"minecraft:lapis_ore":7,"minecraft:polished_blackstone_brick_stairs":1,"mekanism:metallurgic_infuser":2,"minecraft:diorite":57,"chunkloaders:basic_chunk_loader":1,"minecraft:birch_leaves":1,"thermal:deepslate_silver_ore":4,"thermal:silver_ore":7,"minecraft:coal_ore":107,"mekanism:deepslate_fluorite_ore":2,"minecraft:gravel":12,"minecraft:cobweb":25,"botania:gray_mystical_flower":3,"mekanism:deepslate_uranium_ore":9,"thermal:deepslate_sulfur_ore":1,"minecraft:fern":1},"minecraft:used":{"mekanismtools:refined_obsidian_pickaxe":22,"mekanismtools:refined_obsidian_chestplate":1,"easy_emerald:amethyst_sword":492,"minecraft:chest":7,"farmersdelight:cabbage_seeds":4,"minecraft:oak_sign":2,"minecraft:iron_sword":112,"minecraft:stone":15,"farmersdelight:cabbage":4,"mekanism:basic_logistical_transporter":18,"minecraft:carrot":23,"minecraft:tuff":38,"minecraft:obsidian":23,"refinedstorage:controller":1,"mekanism:basic_energy_cube":2,"minecraft:glass":3,"minecraft:lava_bucket":4,"refinedstorage:external_storage":5,"farmersdelight:cutting_board":1,"pipez:item_pipe":14,"minecraft:furnace":1,"minecraft:gold_block":2,"minecraft:golden_boots":1,"minecraft:diorite":26,"minecraft:stone_pickaxe":755,"create:crimsite":1,"minecraft:ender_pearl":5,"minecraft:wooden_pickaxe":19,"easy_emerald:iron_hammer":250,"easy_emerald:diamond_hammer":156,"minecraft:crossbow":16,"enderio:primitive_alloy_smelter":1,"thermal:energy_duct":7,"mekanism:logistical_sorter":4,"minecraft:bread":61,"mekanism:metallurgic_infuser":3,"minecraft:bone_meal":24,"ironchest:crystal_chest":6,"sophisticatedbackpacks:iron_backpack":1,"create:limestone":300,"minecraft:stone_sword":175,"minecraft:flint_and_steel":66,"mekanism:configurator":174,"minecraft:stone_shovel":14,"minecraft:netherrack":27,"minecraft:torch":178,"minecraft:anvil":1,"minecraft:dirt":14,"minecraft:nether_quartz_ore":51,"minecraft:granite":9,"enderio:enchanter":1,"minecraft:wooden_axe":15,"mekanismgenerators:heat_generator":2,"easy_emerald:amethyst_pickaxe":1470,"minecraft:goat_horn":2,"easy_emerald:amethyst_axe":17,"tombstone:gift":5,"minecraft:cooked_beef":30,"minecraft:cobbled_deepslate":58,"minecraft:cooked_mutton":5,"minecraft:acacia_boat":3,"minecraft:water_bucket":17,"chunkloaders:basic_chunk_loader":1,"farmersdelight:onion":4,"minecraft:crafting_table":3,"mekanismtools:refined_obsidian_sword":193,"minecraft:white_bed":5,"tombstone:bag_of_seeds":2,"refinedstorage:cable":7,"minecraft:apple":33,"minecraft:iron_pickaxe":1006,"refinedstorage:crafting_grid":1,"minecraft:stone_axe":83,"minecraft:cobblestone":127,"minecraft:cooked_porkchop":6,"minecraft:bucket":19,"minecraft:dandelion":1},"minecraft:broken":{"minecraft:iron_boots":1,"minecraft:stone_pickaxe":5,"minecraft:stone_axe":1,"minecraft:stone_sword":1,"minecraft:flint_and_steel":1,"easy_emerald:amethyst_pickaxe":1,"minecraft:iron_pickaxe":4,"minecraft:iron_helmet":1,"easy_emerald:iron_hammer":2},"minecraft:crafted":{"pipez:basic_upgrade":1,"pipez:wrench":1,"minecraft:oak_planks":272,"minecraft:oak_sign":3,"mekanism:configurator":1,"mekanism:ingot_osmium":2,"pipez:improved_upgrade":1,"pipez:item_pipe":16,"refinedstorage:cable":12,"refinedstorage:controller":1,"minecraft:stone":9,"mekanism:logistical_sorter":1,"mekanismgenerators:heat_generator":1,"minecraft:cooked_mutton":14,"minecraft:glass":23,"enderio:enchanter":1,"minecraft:iron_boots":2,"refinedstorage:crafting_grid":1,"refinedstorage:grid":1,"enderio:primitive_alloy_smelter":1,"minecraft:chest":14,"refinedstorage:processor_binding":48,"mekanism:ingot_steel":13,"mekanism:energy_tablet":3,"refinedstorage:raw_advanced_processor":2,"easy_emerald:amethyst_axe":1,"minecraft:dropper":2,"minecraft:crafting_table":4,"minecraft:wooden_pickaxe":1,"minecraft:iron_helmet":2,"minecraft:copper_ingot":2,"minecraft:gold_block":2,"minecraft:birch_planks":4,"refinedstorage:basic_processor":31,"easy_emerald:amethyst_sword":1,"biomesoplenty:fir_planks":8,"farmersdelight:cutting_board":1,"thermal:servo_attachment":2,"minecraft:book":2,"minecraft:paper":21,"minecraft:iron_chestplate":2,"minecraft:charcoal":6,"mekanism:steel_casing":1,"easy_emerald:amethyst_pickaxe":2,"minecraft:stick":96,"minecraft:iron_ingot":56,"minecraft:iron_pickaxe":3,"minecraft:stone_sword":1,"minecraft:gold_ingot":10,"refinedstorage:machine_casing":2,"mekanism:basic_logistical_transporter":16,"pipez:advanced_upgrade":1,"minecraft:coal":9,"minecraft:stone_shovel":1,"minecraft:iron_nugget":9,"minecraft:furnace":7,"minecraft:piston":1,"minecraft:bone_meal":27,"refinedstorage:external_storage":5,"refinedstorage:quartz_enriched_iron":48,"minecraft:flint_and_steel":3,"refinedstorage:advanced_processor":2,"refinedstorage:destruction_core":10,"minecraft:stone_pickaxe":8,"thermal:energy_duct":4,"minecraft:redstone_block":4,"mekanismtools:refined_obsidian_chestplate":1,"easy_emerald:iron_hammer":2,"minecraft:wheat":45,"minecraft:cooked_beef":45,"minecraft:coal_block":12,"mekanism:metallurgic_infuser":1,"mekanism:nugget_tin":9,"minecraft:iron_sword":3,"minecraft:bucket":2,"refinedstorage:raw_improved_processor":10,"minecraft:stone_axe":1,"minecraft:air":0,"minecraft:acacia_boat":1,"minecraft:bread":15,"pipez:filter_destination_tool":1,"mekanism:basic_energy_cube":1,"minecraft:cobblestone":72,"refinedstorage:raw_basic_processor":31,"minecraft:wooden_axe":1,"minecraft:writable_book":2,"refinedstorage:construction_core":7,"minecraft:iron_leggings":2,"minecraft:white_bed":2,"enderio:experience_rod":3,"beyond_earth:steel_ingot":14,"refinedstorage:improved_processor":10,"minecraft:acacia_planks":12,"minecraft:torch":128,"minecraft:lapis_block":49}},"DataVersion":3465}