{"stats":{"minecraft:custom":{"minecraft:mob_kills":2,"minecraft:interact_with_crafting_table":37,"minecraft:leave_game":3,"minecraft:time_since_death":6233,"minecraft:climb_one_cm":27915,"minecraft:sprint_one_cm":62663,"minecraft:walk_one_cm":409726,"minecraft:drop":7,"minecraft:play_time":121216,"minecraft:deaths":1,"minecraft:sneak_time":1024,"minecraft:walk_under_water_one_cm":1130,"minecraft:jump":964,"minecraft:walk_on_water_one_cm":3800,"minecraft:total_world_time":121216,"minecraft:interact_with_furnace":29,"minecraft:interact_with_stonecutter":16,"minecraft:sleep_in_bed":10,"minecraft:time_since_rest":4552,"minecraft:damage_taken":742,"minecraft:damage_dealt":551,"minecraft:swim_one_cm":17718,"minecraft:fly_one_cm":100485,"minecraft:open_chest":41,"minecraft:crouch_one_cm":4509,"tombstone:undead_killed":2,"minecraft:fall_one_cm":15258},"minecraft:broken":{"minecraft:wooden_pickaxe":1,"minecraft:stone_pickaxe":1},"minecraft:picked_up":{"minecraft:charcoal":168,"minecraft:crafting_table":6,"minecraft:allium":28,"minecraft:ladder":10,"mcwroofs:stone_bricks_upper_lower_roof":9,"twilightforest:bold_stone_pillar":5,"minecraft:oak_stairs":10,"silentgear:fluffy_seeds":1,"minecraft:cornflower":2,"minecraft:oak_trapdoor":13,"mcwroofs:stone_bricks_lower_roof":5,"minecraft:raw_copper":43,"minecraft:melon_slice":7,"minecraft:furnace":2,"minecraft:stick":10,"minecraft:raw_iron":6,"minecraft:stone":15,"farmersdelight:rotten_tomato":1,"minecraft:torch":7,"mcwroofs:stone_bricks_steep_roof":6,"mekanism:raw_tin":5,"minecraft:rotten_flesh":2,"farmersdelight:onion":8,"minecraft:cobblestone":178,"mcwroofs:stone_upper_steep_roof":11,"silentgear:flax_seeds":3,"mcwroofs:stone_roof":2,"minecraft:oak_log":39,"minecraft:magenta_bed":2,"farmersdelight:tomato":9,"minecraft:dirt":118,"minecraft:glass":1,"mcwfences:stone_brick_railing_gate":1,"minecraft:apple":1,"minecraft:stone_bricks":2,"minecraft:wheat_seeds":3,"minecraft:oak_planks":24,"mcwroofs:stone_top_roof":5,"minecraft:oak_slab":6,"botania:red_mystical_flower":3,"minecraft:white_bed":1,"mcwroofs:stone_steep_roof":2,"minecraft:light_gray_concrete":3,"minecraft:white_concrete":2,"minecraft:oak_sapling":12,"iceandfire:raw_silver":1},"minecraft:crafted":{"minecraft:oak_planks":100,"minecraft:stone_shovel":1,"mcwroofs:stone_roof":2,"mcwfences:stone_brick_railing_gate":2,"mcwroofs:stone_top_roof":2,"mcwroofs:stone_bricks_upper_lower_roof":4,"minecraft:furnace":2,"minecraft:stone":77,"mcwfences:railing_stone_brick_wall":5,"minecraft:oak_trapdoor":4,"botania:red_petal":6,"mcwroofs:stone_bricks_lower_roof":4,"minecraft:ladder":6,"minecraft:melon_seeds":1,"minecraft:stone_pickaxe":2,"minecraft:chest":4,"minecraft:magenta_dye":14,"minecraft:stone_bricks":56,"minecraft:magenta_bed":1,"minecraft:oak_slab":18,"mcwroofs:stone_bricks_steep_roof":2,"minecraft:crafting_table":1,"minecraft:wooden_pickaxe":1,"minecraft:baked_potato":49,"mcwroofs:stone_bricks_roof":1,"mcwroofs:stone_steep_roof":2,"minecraft:stone_axe":1,"minecraft:air":0,"twilightforest:bold_stone_pillar":6,"minecraft:stick":20,"minecraft:iron_ingot":2,"minecraft:oak_stairs":8,"minecraft:stonecutter":1,"minecraft:torch":12,"mcwroofs:stone_upper_steep_roof":4,"mcwroofs:stone_bricks_top_roof":1},"minecraft:killed":{"minecraft:zombie":2},"minecraft:dropped":{"mcwroofs:stone_steep_roof":2,"mcwroofs:stone_upper_steep_roof":2,"farmersdelight:rotten_tomato":1,"minecraft:light_gray_concrete":3,"silentgear:fluffy_seeds":1},"minecraft:used":{"minecraft:oak_trapdoor":17,"minecraft:stone_shovel":62,"minecraft:ladder":15,"minecraft:chest":4,"minecraft:torch":14,"minecraft:dirt":54,"twilightforest:bold_stone_pillar":11,"minecraft:allium":6,"minecraft:glass":1,"mcwroofs:stone_roof":2,"mcwroofs:stone_bricks_upper_lower_roof":11,"farmersdelight:tomato":3,"minecraft:oak_stairs":16,"mcwroofs:stone_bricks_steep_roof":6,"minecraft:melon_seeds":1,"minecraft:stone_bricks":27,"mcwfences:stone_brick_railing_gate":2,"minecraft:furnace":4,"minecraft:oak_sapling":12,"tombstone:gift":2,"minecraft:stone_pickaxe":179,"minecraft:baked_potato":9,"minecraft:oak_planks":37,"mcwroofs:stone_upper_steep_roof":11,"minecraft:wooden_pickaxe":59,"minecraft:stonecutter":1,"minecraft:oak_slab":14,"minecraft:crafting_table":7,"minecraft:magenta_bed":3,"mcwroofs:stone_steep_roof":2,"minecraft:oak_log":12,"minecraft:melon_slice":6,"mcwroofs:stone_top_roof":5,"mcwroofs:stone_bricks_lower_roof":7,"minecraft:stone_axe":41,"minecraft:cobblestone":3,"alexsmobs:animal_dictionary":1,"mcwfences:railing_stone_brick_wall":5,"minecraft:white_concrete":2},"minecraft:killed_by":{"minecraft:zombie":1},"minecraft:mined":{"minecraft:white_bed":1,"iceandfire:silver_ore":1,"silentgear:wild_flax_plant":3,"botania:red_mystical_flower":3,"mcwfences:stone_brick_railing_gate":1,"minecraft:ladder":10,"minecraft:allium":7,"minecraft:grass_block":20,"mcwroofs:stone_upper_steep_roof":11,"farmersdelight:wild_onions":8,"minecraft:oak_trapdoor":13,"mcwroofs:stone_bricks_lower_roof":5,"minecraft:furnace":2,"minecraft:iron_ore":6,"mcwroofs:stone_top_roof":5,"mcwroofs:stone_roof":2,"minecraft:oak_stairs":10,"minecraft:stone":153,"minecraft:oak_slab":6,"minecraft:crafting_table":6,"minecraft:cornflower":2,"minecraft:torch":1,"silentgear:wild_fluffy_plant":1,"mcwroofs:stone_bricks_steep_roof":6,"minecraft:melon":1,"mekanism:tin_ore":5,"mcwroofs:stone_bricks_upper_lower_roof":9,"minecraft:copper_ore":11,"minecraft:oak_planks":24,"minecraft:wall_torch":3,"minecraft:magenta_bed":2,"twilightforest:bold_stone_pillar":5,"minecraft:grass":14,"minecraft:oak_log":39,"minecraft:dirt":93,"minecraft:stone_bricks":2,"minecraft:oak_leaves":10,"mcwroofs:stone_steep_roof":2,"minecraft:fern":1}},"DataVersion":3465}